name,address,cuisine,region
The Patty Shop,4019 Macdonald St,Caribbean,Arbutus-Ridge
Butter Baked Goods,4907 Mackenzie St,Bakery,Arbutus-Ridge
La Buca,4025 MacDonald Street,Italian,Arbutus-Ridge
Bufala,5395 West Blvd,Pizza,Arbutus-Ridge
White Spot,5367 West Blvd,Burgers,Arbutus-Ridge
Subway,4665 Arbutus Street,Sandwiches,Arbutus-Ridge
Wakwak Burger,511 Granville St,Food Truck,Arbutus-Ridge
A&W,"4255 Arbutus Street, #104",Fast Food,Arbutus-Ridge
Van Den Bosch Bakery,4255 Arbutus Street,Bakery,Arbutus-Ridge
Finest at Sea,4675 Arbutus Street,Seafood,Arbutus-Ridge
Arbutus Club Bistro,,Burgers,Arbutus-Ridge
Bigsby The Bakehouse,,Bakery,Arbutus-Ridge
Gotham Steakhouse & Cocktail Bar,615 Seymour St.,Steakhouse,Downtown
Medina Café,780 Richards St,Breakfast,Downtown
The Keg Steakhouse + Bar - Dunsmuir,688 Dunsmuir Street,Restaurant,Downtown
Fanny Bay Oyster Bar,762 Cambie St,Seafood,Downtown
Black Rice Izakaya,782 Cambie St,Restaurant,Downtown
Japadog,530 Robson St,Hot Dogs,Downtown
Lupo,869 Hamilton St,Italian,Downtown
Paramount Fine Foods,560 Robson St,Lebanese,Downtown
Cartems Donuterie,534 W Pender St,Donuts,Downtown
Triple O's,700 Hamilton St. (inside CBC Vancouver),Burgers,Downtown
Chambar,568 Beatty St,Belgian,Downtown
Finch’s Tea & Coffee House,353 W Pender St,Sandwiches,Downtown
Gallery Café,750 Hornby St,Café,Downtown
Hubbub Sandwiches,859 Hornby St,Sandwiches,Downtown
Meat & Bread,370 Cambie St,Sandwiches,Downtown
La Taqueria,322 W Hastings St,Tacos,Downtown
Glowbal,590 West Georgia St,Restaurant,Downtown
Homer St. Cafe and Bar,898 Homer St.,Restaurant,Downtown
Tacofino,1025 Mainland St,Tacos,Downtown
Five Guys,635 Robson Street,Burgers,Downtown
Bacchus Lounge,845 Hornby St,French,Downtown
New Amsterdam Cafe,301 W Hastings,Café,Downtown
PureBread,159 W. Hastings DT,Bakery,Downtown
Blue Water Cafe + Raw Bar,1095 Hamilton St,Seafood,Downtown
Kokoro Tokyo Mazesoba,551 Seymore St,Noodles,Downtown
Jam Cafe,556 Beatty St.,Breakfast,Downtown
The Parlour,1011 Hamilton St.,Italian,Downtown
Baghdad Cafe,548 Seymour St.,Middle Eastern,Downtown
Pizza Garden,675 Smithe St.,Pizza,Downtown
ZAC•ZAC Japanese Curry House,590 Robson Street,Japanese Curry,Downtown
Small Victory Bakery,1088 Homer St,Bakery,Downtown
The Poke Guy,420 Richards St,Poke Place,Downtown
Le Crocodile Restaurant,909 Burrard St,French,Downtown
Meinhardt,Granville,Deli / Bodega,Downtown
Hy's Steakhouse,637 Hornby St,Steakhouse,Downtown
Minami,1118 Mainland St,Japanese,Downtown
Jinya Ramen Bar,541 Robson St.,Ramen,Downtown
Tacofino Cantina,Howe St.,Food Truck,Downtown
hungry guys,988 Granville St,Burritos,Downtown
Yolk's Breakfast,110 Dunsmuir St,Food Truck,Downtown
Pourhouse,162 Water St,Restaurant,Downtown
Angus T,1036 Mainland Street,Bakery,Downtown
La Taqueria Pinche Taco Shop,586 Hornby Street,Tacos,Downtown
Shizen Ya,985 Hornby St,Japanese,Downtown
The Pawn Shop,1117 Granville Street,Tacos,Downtown
Joe Fortes Seafood & Chop House,777 Thurlow St,Seafood,Downtown
Miku Restaurant,200 Granville Street,Japanese,Downtown
JOEY Burrard,820 Burrard St,New American,Downtown
Pholicious,550 W Hastings St,Vietnamese,Downtown
Crave India,1019 Granville St.,Indian,Downtown
Pizzeria Ludica,189 Keefer Place,Pizza,Downtown
La Terrazza Restaurant,1088 Cambie St.,Italian,Downtown
Notch 8,900 W Georgia St,Restaurant,Downtown
The Flying Pig Yaletown,1168 Hamilton St,Restaurant,Downtown
49th Parallel & Lucky's Doughnuts,689 Thurlow,Donuts,Downtown
Chipotle Mexican Grill,818 Howe St,Mexican,Downtown
Pacifico Pizzeria Ristorante,970 Smithe St.,Italian,Downtown
Peaceful Restaurant,602 Seymour St,Chinese,Downtown
Meat & Bread,1033 W Pender St,Sandwiches,Downtown
The Keg Steakhouse + Bar - Yaletown,1011 Mainland St,Restaurant,Downtown
Banter Room,,Restaurant,Downtown
Honey Salt,39 Smythe,Restaurant,Downtown
Gyu-Kaku Japanese BBQ,G3-888 Nelson St.,Japanese,Downtown
Twisted Fork Bistro,1147 Granville St,French,Downtown
White Spot,405 Dunsmuir St,Burgers,Downtown
The Mexican,1049 Granville St,Mexican,Downtown
Eat Chicken Wraps,800 Howe Street,Food Truck,Downtown
Nuba,207 W Hastings St,Middle Eastern,Downtown
Caffè Artigiano,763 Hornby St,Café,Downtown
The Templeton,1087 Granville St.,Diner,Downtown
Nuba Café,508 Davie St,Middle Eastern,Downtown
Indigo Age,436 Richard St,Vegetarian / Vegan,Downtown
Vegan Pudding & Co.,422 Richards St,Vegetarian / Vegan,Downtown
Coast Restaurant,1054 Alberni St.,Seafood,Downtown
Pokerrito,Hornby St,Hawaiian,Downtown
Boulevard Kitchen & Oyster Bar,845 Burrard Street,Seafood,Downtown
Faubourg Paris,769 Hornby St,Café,Downtown
Fresh Sushi,909 Expo Blvd.,Sushi,Downtown
Meet in Gastown,12 Water St,Vegetarian / Vegan,Downtown
Per Se Social Corner,891 Homer St.,Café,Downtown
Yamato Sushi,616 Davie St,Sushi,Downtown
Cactus Club Cafe,588 Burrard St,American,Downtown
Ebar,799 Robson Street,Café,Downtown
Sala Thai,102-888 Burrard St,Thai,Downtown
Rodney's Oyster House,1228 Hamilton St,Seafood,Downtown
Koala Kebabs Donairs,519 West Pender,Falafel,Downtown
Manoush'eh,620 Davie St.,Lebanese,Downtown
Guu Original,838 Thurlow St.,Japanese,Downtown
CinCin,1154 Robson St,Italian,Downtown
Einstein Wrap House,516 Abbott St,Falafel,Downtown
Cioppino's,1133 Hamilton St,Mediterranean,Downtown
Provence Marinaside Seafood Restaurant Bar & Grill,1177 Marinaside Crescent,French,Downtown
WildTale Coastal Grill,1079 Mainland,Seafood,Downtown
Kobe Japanese Steakhouse,1042 Alberni St,Steakhouse,Downtown
Ignite Pizzeria,,Pizza,Downtown
Tractor,335 Burrard Street,Cafeteria,Downtown
Red Robin Gourmet Burgers and Brews,803 Thurlow Street,Burgers,Downtown
Nightingale,1017 W Hastings St,Restaurant,Downtown
Scoozis,445 Howe St.,Mediterranean,Downtown
Tacofino Taco Bar,15 W Cordova St,Tacos,Downtown
Salmon 'n' Bannock,1128 West Broadway,Restaurant,Fairview
Gyu-Kaku Japanese BBQ,201 - 950 W Broadway St,BBQ,Fairview
Shi Zen Ya,1102 West Broadway,Japanese,Fairview
Slickity Jim's Chat & Choux,1387 West 7th Ave,Breakfast,Fairview
Beaucoup Bakery,2150 Fir St,Bakery,Fairview
Café Salade de Fruits,1551 W 7th Ave,French,Fairview
Masa Japanese Restaurant,1414 West Broadway,Japanese,Fairview
The Farmer’s Apprentice,1529 W 6th Ave,Restaurant,Fairview
Suika,1626 W Broadway,Japanese,Fairview
Paul's Place Omelettery Restaurant,2211 Granville St.,Breakfast,Fairview
SushiVan,2566 Granville St,Sushi,Fairview
Oyama Sausage,1689 Johnston St,Deli / Bodega,Fairview
A Bread Affair,1680 Johnston St,Bakery,Fairview
Small Victory,3070 Granville street,Bakery,Fairview
Red Ginger Asian Cuisine,967 W Broadway,Asian,Fairview
Siegel’s Bagels,1698 Johnston St,Bagels,Fairview
A Taste of Vietnam,1016 W Broadway,Vietnamese,Fairview
Lee's Donuts,1689 Johnson St,Donuts,Fairview
Off the Tracks Espresso Bar & Bistro,1363 Railspur Alley,Café,Fairview
Kaya Malay Bistro,1063 West Broadway,Asian,Fairview
Lin's Chinese Cuisine and Tea House,1537 W. Broadway,Chinese,Fairview
Caffè Cittadella,2310 Ash St,Café,Fairview
Go Fish,1505 W 1st Ave,Seafood,Fairview
Grapes & Soda,1537 West 6th Avenue,Restaurant,Fairview
Banana Leaf,820 West Broadway,Malay,Fairview
Heirloom Vegetarian Restaurant,1509 W 12th Ave,Vegetarian / Vegan,Fairview
Vancouver Fish Co.,1517 Anderson Street,Seafood,Fairview
Edible Canada at the Market,1596 Johnston St.,Gastropub,Fairview
Cactus Club Cafe,1530 W Broadway,American,Fairview
Afghan Horsemen Restaurant,202-1833 Anderson Street,Middle Eastern,Fairview
Dynasty Seafood Restaurant 皇朝海鮮酒家,108-777 W Broadway,Chinese,Fairview
B-Bin,3098 Oak Street,Japanese,Fairview
liquids+solids,1550 W Broadway,Café,Fairview
The Sandbar Seafood Restaurant,1536 Johnston St.,Seafood,Fairview
Breakfast Table,1481 West Broadway,Breakfast,Fairview
The Keg Steakhouse + Bar - Granville Island,1499 Anderson Street Granville Island,Restaurant,Fairview
Royal Seoul House Korean Restaurant,100 - 1215 W Broadway,Korean,Fairview
Dockside Restaurant,1253 Johnston St,Seafood,Fairview
Raga Restaurant,1177 Broadway W,Indian,Fairview
The Stable House,1520 W 13th Ave,Restaurant,Fairview
Bin 4,2996 Granville Street,Burgers,Fairview
Terra Breads,1689 Johnston St,Bakery,Fairview
Cactus Club Cafe,575 West Broadway,American,Fairview
Tony's Fish & Oyster Café,1511 Anderson St,Seafood,Fairview
Bistro 101,101-1505 2nd Avenue W,Restaurant,Fairview
Vivanty's,802 West Broadway,Sandwiches,Fairview
Prado Cafe,1809 Fir Street,Café,Fairview
De Dutch,3192 Oak St.,Breakfast,Fairview
Jitlada,1459 Broadway West,Thai,Fairview
Flying Swan Coffeehouse,1724 West 4th Avenue,Breakfast,Fairview
Bon Macaron,,Bakery,Fairview
Yanaki Sushi,816 W 6th Ave.,Sushi,Fairview
Gourmet Wok,1689 Johnston Street,Chinese,Fairview
Duke's On Broadway,736 W Broadway,Diner,Fairview
Sushi Dragon,614 W Broadway,Japanese,Fairview
Branas Mediterranean Grill,617 Stamps Landing,Mediterranean,Fairview
Sen Pad Thai,1689 Johnston Street,Thai,Fairview
Bridges Restaurant,1696 Duranleau St,American,Fairview
Earls,1601 W Broadway,American,Fairview
Muffin Granny,1689 Johnston Street,Bakery,Fairview
Donair Spot,806 West Broadway,Falafel,Fairview
Max's Bakery & Delicatessen,3105 Oak Street,Bakery,Fairview
The Market Grill,104 - 1689 Johnston St,Burgers,Fairview
Popina,,Bistro,Fairview
Tim Hortons,1398 West Broadway,Restaurant,Fairview
Subway,1288 W Broadway,Sandwiches,Fairview
Szechuan Chili Restaurant,804 W 6th Ave.,Szechuan,Fairview
À La Mode,137 - 1689 Johnston St,Café,Fairview
Caffé Barney,2975 Granville St.,Breakfast,Fairview
The Marquis,2666 Granville St,Gastropub,Fairview
Apollonia,1830 Fir Street,Greek,Fairview
Tojo's Restaurant,1133 W Broadway,Sushi,Fairview
Chang'An,1661 Granville St,Chinese,Fairview
Kaisereck Deli,1689 Johnston St,German,Fairview
QQ Sushi,1640 W Broadway,Sushi,Fairview
A&W,777 West Broadway,Fast Food,Fairview
Subway,"700 West 6th Avenue, Retail Unit D",Sandwiches,Fairview
Boston Pizza,190 - 1333 W Broadway,Pizza,Fairview
Stock Market,1551 Johnston St,Soup,Fairview
Ebisu on Broadway,B16 - 601 W. Broadway,Japanese,Fairview
Panago Pizza,1278 W Broadway,Pizza,Fairview
Tony's Coffee,805 west broadway,Café,Fairview
Denny's,1759 West Broadway,Breakfast,Fairview
Tomokazu,201-1128 W Broadway,Japanese,Fairview
IHOP,200-950 W Broadway,Breakfast,Fairview
Subway,102-1595 W Broadway,Sandwiches,Fairview
Kisokoma,805 W Broadway,Japanese,Fairview
Bella Pizza,2525 Hemlock St,Pizza,Fairview
New India Buffet & Restaurant,#105 - 805 West Broadway,Indian,Fairview
Ro Sushi,678 West Broadway,Japanese,Fairview
Szechuan Chongqing Seafood Restaurant,#205-1668 W Broadway,Dim Sum,Fairview
Salad Loop,2775 Laurel St,Salad,Fairview
Express Pho,1455 W Broadway,Vietnamese,Fairview
Sassafras Food Fair,,Food Court,Fairview
Ichibankan Express,750 West Broadway,Sushi,Fairview
Shanghai Lu Restaurant,705 W Broadway Street,Asian,Fairview
Kyo Korean BBQ & Sushi,2-2993 Granville St.,Korean,Fairview
Joons Kitchen,3093 Oak Street,Sushi,Fairview
My Slice Pizza,1630 W Broadway,Pizza,Fairview
Old Beijing Roast Duck,1643 West Broadway,Peking Duck,Fairview
The Downlow Chicken Shack,905 Commercial Drive,Fried Chicken,Grandview-Woodland
Via Tevere,1190 Victoria Dr,Pizza,Grandview-Woodland
Biercraft Tap And Tapas,1191 Commercial Dr.,Tapas,Grandview-Woodland
Kin Kao,903 Commercial Dr,Thai,Grandview-Woodland
Pepino’s,631 Commercial Drive,Italian,Grandview-Woodland
A. Bosa And Company Ltd. Import Euro,562 Victoria Drive,Deli / Bodega,Grandview-Woodland
Havana,1212 Commercial Dr,Cuban,Grandview-Woodland
Ginger Sushi,1437 Commercial Dr.,Sushi,Grandview-Woodland
Sula Indian Restaurant,1128 Commercial Drive,Indian,Grandview-Woodland
Fets Whisky Kitchen,1230 Commercial Dr.,Cajun / Creole,Grandview-Woodland
Sunrise Pizza & Steak House,949 Commercial Dr,Pizza,Grandview-Woodland
Tandoori Palace,1439 Commercial Dr,Indian,Grandview-Woodland
Uprising Breads Bakery,1697 Venables St,Bakery,Grandview-Woodland
Fujiya,912 Clark Dr.,Sushi,Grandview-Woodland
Absinthe Bistro,1260 Commercial Dr,French,Grandview-Woodland
Mr. Red Cafe,2234 E Hastings St,Vietnamese,Grandview-Woodland
Famoso Neapolitan Pizzeria,1380 Commercial Dr,Pizza,Grandview-Woodland
Tacofino Commissary,2327 E Hastings St,Mexican,Grandview-Woodland
Black Rook Bakehouse,2141 East Hastings,Café,Grandview-Woodland
Eternal Abundance,1025 Commercial Dr,Vegetarian / Vegan,Grandview-Woodland
The Red Wagon,2296 E Hastings St,Breakfast,Grandview-Woodland
La Grotta Del Formaggio,1791 Commercial Dr,Sandwiches,Grandview-Woodland
Yolks,1598 E Hastings St,Breakfast,Grandview-Woodland
Scandilicious Commissary,25 Victoria Drive,Bakery,Grandview-Woodland
Joes Cafe,1150 Commercial drive,Café,Grandview-Woodland
Bistro Wagon Rouge,1869 Powell St,French,Grandview-Woodland
La Mezcaleria,1622 Commercial Dr,Mexican,Grandview-Woodland
Volcano Sushi & Grill,1991 E. Hastings St.,Sushi,Grandview-Woodland
Fratelli Bakery,1795 Commercial Street,Bakery,Grandview-Woodland
Kishimoto Japanese Kitchen & Sushi Bar,2054 Commercial Drive,Sushi,Grandview-Woodland
Jackalope's Neighbourhood Dive,2257 E Hastings St,Southern / Soul,Grandview-Woodland
Sopra Sotto Pizzeria,1550 Commercial Dr,Italian,Grandview-Woodland
East Cafe,2401 E Hastings St,Café,Grandview-Woodland
Truck Stop Cafe,1049 Clark Dr,Diner,Grandview-Woodland
Rinconcito Salvadorean,2062 Commercial Dr,Latin American,Grandview-Woodland
Roundel Cafe,2465 E Hastings St,Café,Grandview-Woodland
Cafe Du Soleil,1393 Commercial Dr,Vegetarian / Vegan,Grandview-Woodland
Marcello Pizzeria & Ristorante,1404 Commercial Dr,Italian,Grandview-Woodland
Tatsu Japanese Bistro,1441 Commercial Dr.,Japanese,Grandview-Woodland
What's Up? Hot Dog!,2481 E Hastings St,Hot Dogs,Grandview-Woodland
Babylon Café,1605 Commercial Dr,Middle Eastern,Grandview-Woodland
Aleph Eatery,1889 Powell St,Middle Eastern,Grandview-Woodland
Yama Cafe,,Café,Grandview-Woodland
Cannibal Cafe,1818 Commercial Dr,Burgers,Grandview-Woodland
Pizza Garden,1042 Commercial Dr.,Pizza,Grandview-Woodland
Far Out Coffee Post,2173 Dundas St,Café,Grandview-Woodland
Tamam Fine Palestinian Cuisine,2616 E Hastings St,Middle Eastern,Grandview-Woodland
"J, N & Z Deli",1729 Commercial Dr.,Deli / Bodega,Grandview-Woodland
Siddhartha's,2066 Commercial Drive,Indian,Grandview-Woodland
Koko,2053 Hastings Street East,Japanese,Grandview-Woodland
Union Market,Union St,Deli / Bodega,Grandview-Woodland
Sushi Nanaimo,350 Nanaimo St,Sushi,Grandview-Woodland
Lombardo’s Pizzeria & Ristorante,1641 Commercial Dr,Italian,Grandview-Woodland
The Daily Catch,1418 Commercial Drive,Seafood,Grandview-Woodland
Deserts,905 Commercial Dr.,Indian,Grandview-Woodland
Fire Pizza,1918 Commercial Dr,Pizza,Grandview-Woodland
Café Deux Soleils,2096 Commercial Dr.,Vegetarian / Vegan,Grandview-Woodland
Cabrito,2270 Commercial Dr,Tapas,Grandview-Woodland
Five Elements Cafe,1046 Commercial Dr,Asian,Grandview-Woodland
Belgian Fries,1885 Commercial Dr,Diner,Grandview-Woodland
X-site East Van,2270 Hastings Street East,Latin American,Grandview-Woodland
Curry Zone,,Indian,Grandview-Woodland
Livia Bakery,1399 Commercial Dr,Bakery,Grandview-Woodland
Le Petit Saigon,2783 E Hastings,Vietnamese,Grandview-Woodland
Tangent Cafe,2095 Commercial Dr,Gastropub,Grandview-Woodland
Carthage Cafe,1851 Commercial Dr,French,Grandview-Woodland
Sake Maki,1414 Commercial Dr,Japanese,Grandview-Woodland
Memphis Blues Barbeque House,1342 Commercial Dr,BBQ,Grandview-Woodland
Vera's on the Drive,1438 Commercial Dr,Burgers,Grandview-Woodland
Harambe Ethiopian Cuisine,2149 Commercial Drive,Ethiopian,Grandview-Woodland
Addis Cafe,2017 Commercial Drive,Ethiopian,Grandview-Woodland
Bao Chau,2717 E. Hastings St.,Vietnamese,Grandview-Woodland
Pig on the Street,Howe St,Food Truck,Grandview-Woodland
Take Thai Home,1736 Commercial Dr.,Thai,Grandview-Woodland
Jamjar,2280 Commercial Dr,Lebanese,Grandview-Woodland
On Lok Restaurant & Won-Tun House 安樂麵家,2010 E Hastings St.,Chinese,Grandview-Woodland
Saloniki Greek Taverna,1815 Commercial Drive,Greek,Grandview-Woodland
Bai Bua Thai Cuisine,1-2443 E Hastings St,Thai,Grandview-Woodland
The Drive Coffee Bar,1670 Commercial Drive,Café,Grandview-Woodland
Song Huong,1613 Nanaimo St.,Vietnamese,Grandview-Woodland
Santa Barbara Market,1322 Commercial Dr,Deli / Bodega,Grandview-Woodland
Uncle Fatih's Pizza,1685 Broadway East,Pizza,Grandview-Woodland
reLiSH Gourmet Burgers,2290 Commercial Dr,Burgers,Grandview-Woodland
Pink Pearl,1132 E Hastings St,Chinese,Grandview-Woodland
Le Pho Vietnamese Cuisine,2503 E Hastings St,Vietnamese,Grandview-Woodland
James on Hastings,2683 E Hastings St.,Chinese,Grandview-Woodland
Pelican Seafood Restaurant,1891 E Hastings St,Asian,Grandview-Woodland
Euro Cafe,1468 Commercial Dr.,Breakfast,Grandview-Woodland
The Charlatan,1447 Commercial Dr,Gastropub,Grandview-Woodland
Axum Ethiopian,1279 E Hastings St,Ethiopian,Grandview-Woodland
Bon's Off Broadway,2451 Nanaimo Street,Breakfast,Grandview-Woodland
Kojima Sushi,1836 Commercial Dr,Sushi,Grandview-Woodland
Laksa King Restaurant,2546 East Hastings Street,Malay,Grandview-Woodland
Italia Bakery,2828 E. Hastings St,Bakery,Grandview-Woodland
Cindys Palace 頭啖湯,1796 Nanaimo St,Asian,Grandview-Woodland
Church's Chicken,2304 East Hastings Street,Fried Chicken,Grandview-Woodland
Neptune Express,2450 Commercial Dr,Chinese,Grandview-Woodland
Subway,,Sandwiches,Grandview-Woodland
East Village Bakery,2166 East Hastings Street,Bakery,Grandview-Woodland
Subway,"2828 E Hastings St, Unit 108",Sandwiches,Grandview-Woodland
Le Petit Saigon,2783 E Hastings,Vietnamese,Hastings-Sunrise
Tamam Fine Palestinian Cuisine,2616 E Hastings St,Middle Eastern,Hastings-Sunrise
Pig on the Street,Howe St,Food Truck,Hastings-Sunrise
Tacofino Commissary,2327 E Hastings St,Mexican,Hastings-Sunrise
Curry Zone,,Indian,Hastings-Sunrise
Roundel Cafe,2465 E Hastings St,Café,Hastings-Sunrise
Mr. Red Cafe,2234 E Hastings St,Vietnamese,Hastings-Sunrise
The Red Wagon,2296 E Hastings St,Breakfast,Hastings-Sunrise
What's Up? Hot Dog!,2481 E Hastings St,Hot Dogs,Hastings-Sunrise
East Cafe,2401 E Hastings St,Café,Hastings-Sunrise
Bao Chau,2717 E. Hastings St.,Vietnamese,Hastings-Sunrise
Green & Oak,,Malay,Hastings-Sunrise
Black Rook Bakehouse,2141 East Hastings,Café,Hastings-Sunrise
Jackalope's Neighbourhood Dive,2257 E Hastings St,Southern / Soul,Hastings-Sunrise
Sushi Nanaimo,350 Nanaimo St,Sushi,Hastings-Sunrise
Italia Bakery,2828 E. Hastings St,Bakery,Hastings-Sunrise
Far Out Coffee Post,2173 Dundas St,Café,Hastings-Sunrise
James on Hastings,2683 E Hastings St.,Chinese,Hastings-Sunrise
Volcano Sushi & Grill,1991 E. Hastings St.,Sushi,Hastings-Sunrise
Osteria Napoli Ristoranté,1660 Renfrew St.,Italian,Hastings-Sunrise
La Fontana Caffe,3701 Hastings St.,Café,Hastings-Sunrise
X-site East Van,2270 Hastings Street East,Latin American,Hastings-Sunrise
Subway,"2828 E Hastings St, Unit 108",Sandwiches,Hastings-Sunrise
Yama Cafe,,Café,Hastings-Sunrise
So Crab So Good,3853 Hastings St,Seafood,Hastings-Sunrise
Koko,2053 Hastings Street East,Japanese,Hastings-Sunrise
Bai Bua Thai Cuisine,1-2443 E Hastings St,Thai,Hastings-Sunrise
Le Pho Vietnamese Cuisine,2503 E Hastings St,Vietnamese,Hastings-Sunrise
Fortune City Seafood Resturant 百福海鮮酒家,302-2800 E 1st Ave.,Seafood,Hastings-Sunrise
Thai Son Restaurant,2800 E 1st Ave,Vietnamese,Hastings-Sunrise
Song Huong,1613 Nanaimo St.,Vietnamese,Hastings-Sunrise
Laksa King Restaurant,2546 East Hastings Street,Malay,Hastings-Sunrise
Poor Italian Trattoria,3296 E 1st Ave,Italian,Hastings-Sunrise
Baci Restaurant,3728 Hastings St,Restaurant,Hastings-Sunrise
On Lok Restaurant & Won-Tun House 安樂麵家,2010 E Hastings St.,Chinese,Hastings-Sunrise
Cindys Palace 頭啖湯,1796 Nanaimo St,Asian,Hastings-Sunrise
Hiro Sushi,,Sushi,Hastings-Sunrise
Church's Chicken,2304 East Hastings Street,Fried Chicken,Hastings-Sunrise
Vallarta's Mexican Restaurant,2991 E. Broadway,Mexican,Hastings-Sunrise
Subway,,Sandwiches,Hastings-Sunrise
East Village Bakery,2166 East Hastings Street,Bakery,Hastings-Sunrise
Roaming Dragon,100 Renfrew St,Asian,Hastings-Sunrise
Le Do,2292 E Hastings St.,Vietnamese,Hastings-Sunrise
Van Dragon Chinese Restaurant 雲龍海鮮酒家,2163 E Hastings St,Chinese,Hastings-Sunrise
SILKS Restaurant,2900 E Hastings St,Restaurant,Hastings-Sunrise
Giants Den,Pacific Coliseum,American,Hastings-Sunrise
Thai Hang Vietnamese Restaurant,2122 East Hastings Street,Vietnamese,Hastings-Sunrise
Fortune Court Seafood House,3555 E Hastings St,Seafood,Hastings-Sunrise
Penny Restaurant 錢記,2060 E Hastings St,Chinese,Hastings-Sunrise
Miyako Sushi,2341 E Hastings St,Sushi,Hastings-Sunrise
Tsolias Taverna,2277 East Hastings Street,Greek,Hastings-Sunrise
Vietnam House,2122 E Hastings St,Vietnamese,Hastings-Sunrise
J's Grill & Pasta,1901 Powell Street,Italian,Hastings-Sunrise
Little Caesars Pizza,2080 Hastings Street East,Pizza,Hastings-Sunrise
Yan Bakery,2070 E Hastings St.,Bakery,Hastings-Sunrise
Domino's Pizza,2083 Dundas St,Pizza,Hastings-Sunrise
Riz Sushi Bar & Catering,2887 E. Broadway,Japanese,Hastings-Sunrise
Basil Garden,2889 E Broadway,Vietnamese,Hastings-Sunrise
Talay Thai Restaurant,8369 Granville Street,Thai,Marpole
Cafe de l'Orangerie,1320 W 73rd Ave,Japanese,Marpole
Cravings Restaurant + Lounge,8808 Osler St,American,Marpole
Gigi Blin,1400 W 70th Ave,Café,Marpole
Red Star Seafood Restaurant 鴻星海鮮酒家,8298 Granville St,Chinese,Marpole
Penang Delight Cafe,1316 W 73rd Ave,Malay,Marpole
Ming Tak Hong Kong Style Restaurant,8363 Granville Street,Chinese,Marpole
A&W,468 S.W. Marine Drive,Fast Food,Marpole
Mirchi Restaurant,7964 Granville Street,Indian,Marpole
The Place Restaurant,8028 Granville Street,Dim Sum,Marpole
Wicks Café,1300 W 73rd Ave,Café,Marpole
Applause Japanese Restaurant,8269 Oak St,Japanese,Marpole
Subway,8347 Granville St,Sandwiches,Marpole
White Spot,1041 SW Marine Dr,Burgers,Marpole
Sushi Wow,8273 Granville,Sushi,Marpole
Donair Spot,8616 Granville St,Falafel,Marpole
Tai Tung Chinese Seafood Restaurant,8012 Granville St.,Chinese,Marpole
Pizza Hut,8155 Granville Street,Pizza,Marpole
Subway,"644 SW Marine Dr, Unit 101",Sandwiches,Marpole
Thai Son,1450 SW Marine Dr.,Vietnamese,Marpole
Ikura Japanese Restaurant,8646 Granville St.,Sushi,Marpole
Sushi King House,8176 Granville St.,Sushi,Marpole
Parm'z Pizza Factory,8319 Oak St.,Pizza,Marpole
G8 Taiwanese Kitchen,,Taiwanese,Marpole
Dublin Crossing Irish Pub,466 SW Marine Drive,Irish,Marpole
Cafe Mai-Mai,8636 Granville St,Vietnamese,Marpole
Denny's,622 SW Marine Dr,Breakfast,Marpole
Subway,474 South West Marine Drive,Sandwiches,Marpole
Pink Elephant Thai,434 South West Marine Drive,Thai,Marpole
Wang's Beef Noodle House,8390 Granville Street,Noodles,Marpole
FreshSlice Pizza,498 SW Marine Drice,Pizza,Marpole
Neptune Palace (Neptune Palace Seafood Restaurant),308 - 470 SW Marine Drive,Dim Sum,Marpole
Freshslice Pizza,8618 Granville St,Pizza,Marpole
Oriole Cafe,1200 west 73rd avenue,Café,Marpole
Gold Train Express,8178 Granville st,Vietnamese,Marpole
Jasmine Flower Shanghai Cuisine,,Shanghai,Marpole
Papa's Eatery,8091 Granville St.,Sandwiches,Marpole
Panago Pizza,8333 Granville St,Pizza,Marpole
Sakuranbo,8051 Granville St,Japanese,Marpole
The Meat Up,7994 Granville St,Chinese,Marpole
South West Seafood Restaurant,8012 Granville St,Chinese,Marpole
Golden Pair Vietnamese Asian Cuisine,8167 Granville Street,Vietnamese,Marpole
Bubbletopia,7974 Granville Street,Café,Marpole
Sushi Hoon,7974 Granville St.,Japanese,Marpole
Drew Cooks! Catering Kitchen,1312 SW Marine Dr,Restaurant,Marpole
Qoo Cafe,7994 Granville St,Restaurant,Marpole
East is East,4433 Main St,Middle Eastern,Riley Park
Pho Tan,4589 Main St,Vietnamese,Riley Park
Sawasdee Thai Restaurant,4250 Main St,Thai,Riley Park
Meet on Main,4288 Main St.,Vegetarian / Vegan,Riley Park
Trilussa Pizza & Pane,4363 Main St.,Pizza,Riley Park
Trafiq Café & Bakery,4216 Main St,Café,Riley Park
Hawker's Delight,4127 Main St,Malay,Riley Park
Matchstick Coffee Roasters,4807 Main St,Café,Riley Park
The Acorn,3995 Main St,Vegetarian / Vegan,Riley Park
Long's Noodle House 小龍記麵家,4853 Main St,Chinese,Riley Park
Grub,4328 Main St.,Restaurant,Riley Park
Au Petit Cafe,4851 Main Street,Vietnamese,Riley Park
Seasons in the Park,West 33rd Avenue,Seafood,Riley Park
Pho Bon Vietnamese Restaurant,4909 Main St,Vietnamese,Riley Park
Liberty Bakery + Cafe,3699 Main St,Bakery,Riley Park
Zakkushi Charcoal Grill,4075 Main St.,Japanese,Riley Park
The Fish Counter,3825 Main St,Seafood,Riley Park
Sushi Mania,3851 Main St,Sushi,Riley Park
Rocky Mountain Flatbread,4186 Main Street,Restaurant,Riley Park
Locus,4121 Main St,Breakfast,Riley Park
Chickpea,4298 Main St,Falafel,Riley Park
The Arbor,3941 Main Street,Gastropub,Riley Park
O! Taho Filipino Taho Store,,Filipino,Riley Park
Bâtard Boulangerie & Cafe Moderne,3958 Fraser St,Café,Riley Park
Anh and Chi,3388 Main St,Vietnamese,Riley Park
Coco et Olive,3707 Main St,Café,Riley Park
Pizza Carano,4241 Fraser St,Pizza,Riley Park
Solly’s Bagelry,4071 Main St,Bagels,Riley Park
Slickity Jim’s,3475 Main St,Breakfast,Riley Park
Toshi Sushi,181 E 16th Ave.,Sushi,Riley Park
The General Public,3289 Main St,Japanese,Riley Park
Egg And Company,4245 Fraser Street,Breakfast,Riley Park
El Camino's,3250 Main St.,Latin American,Riley Park
Dream Sushi Japanese Restaurant,4401 Main St.,Japanese,Riley Park
The Reef,4172 Main St.,Caribbean,Riley Park
Helen's Grill,4102 Main St,Diner,Riley Park
Yugo Restaurant,4265 Main St,Japanese,Riley Park
Landmark Hot Pot House 春秋火鍋,4023 Cambie St.,Chinese,Riley Park
Nomad,3950 Main St.,Restaurant,Riley Park
Don’t Argue Pizzeria,3240 Main St,Pizza,Riley Park
Boiling Point,4148 Main Street,Hotpot,Riley Park
Sun Sui Wah,3888 Main St,Chinese,Riley Park
King's Chinese Cuisine,4488 Main St,Chinese,Riley Park
Pho Quyen Restaurant,3916 Fraser St,Vietnamese,Riley Park
Ogenki Sushi,4342 Main St.,Sushi,Riley Park
Van. Tea Cafe 伯茶餐廳,5688 Main Street,Chinese,Riley Park
Nammos Estiatorio,3980 Fraser St,Greek,Riley Park
Corner 23,4008 Cambie St.,Chinese,Riley Park
The French Table,3916 Main Street,French,Riley Park
Splitz Grill,4242 Main St,Burgers,Riley Park
Caffé Artigiano,4010 Main St,Café,Riley Park
Bob Likes Thai Food,3755 Main Street,Thai,Riley Park
Ogenki Ramen,4342 Main St.,Noodles,Riley Park
Simply Delicious Eatery & Lounge,4316 Main St,Japanese,Riley Park
Subway,4108 Fraser Street,Sandwiches,Riley Park
Haiyi Seafood Restaurant,4818 Main Street,Cantonese,Riley Park
Autostrada Osteria,4811 Main St,Italian,Riley Park
Sushi Hub,4855 Main Street,Japanese,Riley Park
1/2 Roll Japanese Grill & Sushi Bar,,Japanese,Riley Park
Happy Pho,4136 Main St,Vietnamese,Riley Park
Cambie Vietnam Restaurant,4136 Main Street,Vietnamese,Riley Park
Quejos Cheesebuns,4129 Main St,Bakery,Riley Park
Church's Chicken,3449 Main St,Fried Chicken,Riley Park
Kitchen on Main,3941 Main Street,Italian,Riley Park
Pizza Hut,3425 Main Street,Pizza,Riley Park
Masayoshi,4376 Fraser St,Japanese,Riley Park
Float On Bakeshop & Cafe,4384 Fraser St,Bakery,Riley Park
The Eastwood,4245 Fraser Street,American,Riley Park
Nooru Mahal,4354 Fraser Street,Indian,Riley Park
European Breads Bakery,4324 Fraser St.,Bakery,Riley Park
Aling Ening,4253 fraser street,Filipino,Riley Park
Pho Cilantro,4197 Fraser St,Vietnamese,Riley Park
Grand View Szechuan Restaurant Ltd,4181 Fraser St,Chinese,Riley Park
Bee Kim Heng,4194 Fraser St,Chinese,Riley Park
Ubuntu,4194 Fraser Street,Restaurant,Riley Park
Penang Bistro,3960 Fraser St,Malay,Riley Park
Maxim's Bakery,,Bakery,Riley Park
Panz Veggie,3485 Fraser Street,Vegetarian / Vegan,Riley Park
Nikkyu Japanese Restaurant,3302 Main Street,Japanese,Riley Park
Truffles Fine Foods,5151 Oak St,Sandwiches,Shaughnessy
Goma Sushi,3720 Oak St.,Sushi,Shaughnessy
Shaughnessy Restaurant,5251 Oak St,Restaurant,Shaughnessy
Grand Honour Restaurant,5668 Granville St.,Asian,Shaughnessy
Subway,4665 Arbutus Street,Sandwiches,Shaughnessy
The Best Neighbours Restaurant,3838 Oak St.,Greek,Shaughnessy
Osaka Sushi,960 West King Edward Ave.,Sushi,Shaughnessy
Subway,3890 Oak St,Sandwiches,Shaughnessy
City1Cafe,954 West King Edward Ave.,Malay,Shaughnessy
Arbutus Club Bistro,,Burgers,Shaughnessy
Finest at Sea,4675 Arbutus Street,Seafood,Shaughnessy
Kim Express,952 W King Edward Ave,Vietnamese,Shaughnessy
A&W,"4255 Arbutus Street, #104",Fast Food,Shaughnessy
Mandarin Hong Kong Cafe 文華餐廳,904 W King Edward Ave.,Cantonese,Shaughnessy
Van Den Bosch Bakery,4255 Arbutus Street,Bakery,Shaughnessy
BC Women's Cafeteria,4500 Oak St,Cafeteria,Shaughnessy
Morrison / Shy Café,4500 Oak Street,Café,Shaughnessy
The One Restaurant,,Chinese,Shaughnessy
Xi Yan Restaurant 囍宴私房苹,#110-5701 Granville St.,Chinese,Shaughnessy
The Rise Eatery,3121 Granville Street,Restaurant,Shaughnessy
Union Market,Union St,Deli / Bodega,Strathcona
The Mackenzie Room,415,Restaurant,Strathcona
Phnom Penh,244 E Georgia St,Asian,Strathcona
Matchstick Coffee Roasters,213 E Georgia St,Café,Strathcona
Fujiya,912 Clark Dr.,Sushi,Strathcona
Railtown Cafe,397 Railway St,Café,Strathcona
The Union,219 Union St,Gastropub,Strathcona
Bao Bei,163 Keefer St,Chinese,Strathcona
Pizzeria Farina,915 Main St,Pizza,Strathcona
Oyster Express,296 Keefer Street,Seafood,Strathcona
Kissa Tanto,263 East Pender St,Japanese,Strathcona
Ask for Luigi,305 Alexander St,Italian,Strathcona
Finch’s Market,501 E Georgia St,Sandwiches,Strathcona
Juniper,185 Keefer St,Restaurant,Strathcona
Virtuous Pie,583 Main St,Pizza,Strathcona
Cuchillo,261 Powell St,Latin American,Strathcona
The Tuck Shoppe,,Sandwiches,Strathcona
Pacific~Poke,625 Main Street,Poke Place,Strathcona
Bestie,105 E Pender St,German,Strathcona
Cadeaux Bakery,172 Powell St,Bakery,Strathcona
LanaLou’s,362 Powell St,Diner,Strathcona
DALINA,687 Main St,Café,Strathcona
Torafuku,958 Main Street,Asian,Strathcona
New Town Bakery & Restaurant,148 E Pender St,Chinese,Strathcona
Truck Stop Cafe,1049 Clark Dr,Diner,Strathcona
Birds & The Beets,55 Powell St,Café,Strathcona
Dosanko,566 Powell St,Japanese,Strathcona
Deacon's Corner,101 Main St,Diner,Strathcona
Rhinofish,550 Main St,Noodles,Strathcona
Sardine Can,26 Powell,Tapas,Strathcona
Nicli Antica Pizzeria,62 E Cordova St,Pizza,Strathcona
Meet in Gastown,12 Water St,Vegetarian / Vegan,Strathcona
Chinatown BBQ,130 E Pender St,Chinese,Strathcona
Nelson the Seagull,315 Carrall St,Breakfast,Strathcona
The Downlow Chicken Shack,905 Commercial Drive,Fried Chicken,Strathcona
La Mezcaleria (Gastown),68 E Cordova St,Mexican,Strathcona
Tacofino Taco Bar,15 W Cordova St,Tacos,Strathcona
Dixies BBQ,337 East Hastings Street,BBQ,Strathcona
Yolks,1598 E Hastings St,Breakfast,Strathcona
Mamie Taylor's,251 E Georgia St,American,Strathcona
L’Abattoir,217 Carrall St,French,Strathcona
Caffe di Beppe,,Café,Strathcona
BAUHAUS,1 Cordova,German,Strathcona
Pepino’s,631 Commercial Drive,Italian,Strathcona
Dunlevy Snackbar,433 Dunlevy Ave,Asian,Strathcona
HAVE Cafe,374 Powell St,Café,Strathcona
Pidgin,350 Carrall St,Asian,Strathcona
Calabash Bistro,428 Carrall St.,Caribbean,Strathcona
St Lawrence Restaurant,269 Powell St,French,Strathcona
Rodney's,52 Powell St.,Seafood,Strathcona
Juke,180 Keefer Street,Fried Chicken,Strathcona
Gringo,27 Blood Alley Sq,Mexican,Strathcona
Lost + Found,33 W Hastings St,Café,Strathcona
Kin Kao,903 Commercial Dr,Thai,Strathcona
Odo Sushi,82 Keefer Place,Japanese,Strathcona
The Old Spaghetti Factory,53 Water Street,Italian,Strathcona
Uprising Breads Bakery,1697 Venables St,Bakery,Strathcona
Peckinpah BBQ,2 Water St,BBQ,Strathcona
Tuc Craft Kitchen,60 W Cordova St,Gastropub,Strathcona
The Brixton,212 E Georgia St,Café,Strathcona
Local Gastown,3 Alexander St,New American,Strathcona
Say Hey Cafe,156 E Pender St,Sandwiches,Strathcona
Sunrise Pizza & Steak House,949 Commercial Dr,Pizza,Strathcona
Campagnolo,1020 Main St,Italian,Strathcona
HiFive,22 East Cordova,Sandwiches,Strathcona
Hanoi Pho,404 E Hastings St,Vietnamese,Strathcona
Moltaqa,51 W Hastings,Moroccan,Strathcona
Ba Le,638 Main St.,Sandwiches,Strathcona
Pink Pearl,1132 E Hastings St,Chinese,Strathcona
Eternal Abundance,1025 Commercial Dr,Vegetarian / Vegan,Strathcona
Six Acres,203 Carrall St,Gastropub,Strathcona
Canra Plus Srilankan,88 W Pender St,Restaurant,Strathcona
Goldstone Bakery & Restaurant,139 Keefer St.,Chinese,Strathcona
Save On Meats,43 Hastings St W,Diner,Strathcona
Coquille,181 Carall Street,Seafood,Strathcona
Save On Meats Pop Up,1 W Cordova St,Diner,Strathcona
Golden Garden Vietnamese Cuisine,509 Main St,Vietnamese,Strathcona
The Ramen Butcher,223 E Georgia St,Noodles,Strathcona
Hogan's Alley Cafe,789 Gore Ave,Café,Strathcona
Kobob Burger,1019 Main St,Korean,Strathcona
The Irish Heather,212 Carrall St,Irish,Strathcona
To Dine For,,Burgers,Strathcona
Congee Noodle Delight,88 W Pender St,Chinese,Strathcona
Gain Wah Restaurant,218 Keefer Street,Chinese,Strathcona
Hakone Sushi,82 Keefer St.,Sushi,Strathcona
Prado Cafe,117 Water St,Café,Strathcona
Bali Thai,88 w. Pender st,Indonesian,Strathcona
Caveman Cafe,88 W Pender St,Restaurant,Strathcona
Axum Ethiopian,1279 E Hastings St,Ethiopian,Strathcona
Dubh Linn Gate Irish Pub,1601 Main St,Irish,Strathcona
Pizza Garden,1042 Commercial Dr.,Pizza,Strathcona
Subway,846 Powell Street,Sandwiches,Strathcona
The Heatley,696 E Hastings St,Restaurant,Strathcona
Deserts,905 Commercial Dr.,Indian,Strathcona
Railtown Cafe,1691 Main St,Café,Strathcona
Bodega on Main,1014 Main St,Tapas,Strathcona
Aussie Pie Guy,,Food Truck,Strathcona
Tina Vietnamese,88 W Pender,Vietnamese,Strathcona
Take Five Cafe Gastown,62 W Cordova St.,Café,Strathcona
A&W,1150 Station Street,Fast Food,Strathcona
Greenhorn Cafe,994 Nicola St,Café,West End
Cardero Bottega,1016 Cardero St.,Sandwiches,West End
La Belle Patate,1215 Davie Street,Restaurant,West End
COBS Bread,140-1160 Davie St.,Bakery,West End
Banana Leaf On Denman,1096 Denman St.,Asian,West End
Ramen Danbo,1333 Robson Street,Ramen,West End
Forage,1300 Robson St,Restaurant,West End
Miko Sushi,1335 Robson St,Sushi,West End
Cactus Club Cafe,1790 Beach Ave,New American,West End
España Restaurant,1118 Denman St.,Spanish,West End
Peaked Pies,975 Denman St,Comfort Food,West End
Guu with Garlic,1698 Robson St,Japanese,West End
Kingyo Izakaya 金魚居酒屋,871 Denman St,Japanese,West End
Sura,1518 Robson St,Korean,West End
Hokkaido Ramen Santouka,1690 Robson St,Ramen,West End
Baoguette Vietnamese Bistro,104 - 1184 Denman St,Vietnamese,West End
Donair Dude,1172 Davie St.,Falafel,West End
CinCin,1154 Robson St,Italian,West End
Takis Taverna,1106 Davie St,Greek,West End
Tavola,1829 Robson St,Italian,West End
Won More Szechuan Cuisine,201 - 1184 Denman St.,Szechuan,West End
Le Crocodile Restaurant,909 Burrard St,French,West End
Marutama Ra-men,780 Bidwell St,Ramen,West End
Horin Ramen + Sake,1226 Robson St,Ramen,West End
Joe Fortes Seafood & Chop House,777 Thurlow St,Seafood,West End
Stepho's Souvlaki Greek Taverna,1124 Davie St.,Greek,West End
Stepho's Souvlaki Greek Taverna,1359 Robson St,Greek,West End
Legendary Noodle,1074 Denman St,Noodles,West End
Ma Dang Goul,847 Denman St.,Korean,West End
Davie Dosa Company,1235 Davie St,South Indian,West End
Buckstop,833 Denman,BBQ,West End
Babylon Cafe,105-1610 Robson St,Middle Eastern,West End
Baguette & Co,1102 Davie St.,Bakery,West End
Kosoo Restaurant,832 Cardero Street,Korean,West End
Joe's Grill,1031 Davie St.,Diner,West End
Dinesty Chinese Restaurant,1719 Robson St.,Shanghai,West End
Saku,1773 Robson street,Japanese,West End
Sushi Bar Maumi,1226 Bute St,Sushi,West End
Chez Cora - Breakfast and Lunch,1368 Robson Street,Breakfast,West End
Cazba restaurant,1103 Davie St,Middle Eastern,West End
Earls,1185 Robson St,American,West End
Guu Original,838 Thurlow St.,Japanese,West End
Joe's Grill,948 Denman St,Breakfast,West End
Cora's,Robson,Breakfast,West End
Red Robin Gourmet Burgers and Brews,803 Thurlow Street,Burgers,West End
Pho Goodness,1183 Davie St,Vietnamese,West End
Zefferelli's Spaghetti Joint,1136 Robson St,Italian,West End
Molli Cafe,1225 Burrard St.,Mexican,West End
Melriches Coffee House,1244 Davie St,Café,West End
Sushi Sky,1226 Bute St.,Sushi,West End
49th Parallel & Lucky's Doughnuts,689 Thurlow,Donuts,West End
Tartine Bread & Pies,1069 Davie St,Bakery,West End
Number e food,1308 Burrard St,Sandwiches,West End
Cactus Club Cafe,1136 Robson St,American,West End
Banana Leaf,1043 Davie Street,Malay,West End
Cardero's Restaurant,1583 Coal Harbour Quay,Seafood,West End
Nook,781 Denman Street,Italian,West End
Simba's Grill,825 Denman St.,African,West End
Japadog,899 Burrard St.,Food Truck,West End
Hubbub Sandwiches,859 Hornby St,Sandwiches,West End
A Taste of India,1282 Robson Street,Indian,West End
Mumbai Local,,Indian,West End
Breka Bakery & Cafe,855 Davie St,Bakery,West End
Shizen Ya,985 Hornby St,Japanese,West End
Le Tigre,Alberni Street,Food Truck,West End
Samurai Japanese Restaurant,1108 Davie St,Japanese,West End
JOEY Burrard,820 Burrard St,New American,West End
Pacifico Pizzeria Ristorante,970 Smithe St.,Italian,West End
Coast Restaurant,1054 Alberni St.,Seafood,West End
Red Umbrella Cafe,1707 Davie Street,Café,West End
Ginger Garlic,Davie,Indian,West End
Yogi Korean Snack Bar,1706 Robson St.,Snacks,West End
Belachan Kitchen,1128 Robson St,Malay,West End
Gyu-Kaku Japanese BBQ,G3-888 Nelson St.,Japanese,West End
Bacchus Lounge,845 Hornby St,French,West End
Guu Garden,M101 - 888 Nelson St,Japanese,West End
Vij's Railway Express,1075 W Georgia St,Food Truck,West End
The Keg Steakhouse + Bar - Alberni,1121 Alberni St.,Restaurant,West End
Los Amigos Taqueria,1118 Davie St.,Mexican,West End
Zakkushi Charcoal Grill,823 Denman St,Japanese,West End
Pokerrito,Hornby St,Hawaiian,West End
Yui Japanese Bistro,102-1185 W Georgia St,Japanese,West End
Tetsu Sushi Bar,775 Denman street,Japanese,West End
Boulevard Kitchen & Oyster Bar,845 Burrard Street,Seafood,West End
Sala Thai,102-888 Burrard St,Thai,West End
Tacofino Cantina,Howe St.,Food Truck,West End
PINK Elephant THAI,1152 Alberni,Thai,West End
Sushi Coen,1306 Burrard St.,Sushi,West End
Thai Basil Restaurant,1215 Thurlow Street,Thai,West End
Mary’s On Davie,1202 Davie Street,Diner,West End
Eat Chicken Wraps,800 Howe Street,Food Truck,West End
Kobe Japanese Steakhouse,1042 Alberni St,Steakhouse,West End
Patterson Chinese Restaurant,917 Davie Street,Chinese,West End
Gurkha Himalayan Kitchen,1141 Davie St,Himalayan,West End
Ukrainian Village,815 Denman St,Eastern European,West End
Mom's Grilled Cheese Truck,Howe St.,Food Truck,West End
Falafel King,1110 Denman St.,Falafel,West End
Nando's,828 Davie St.,Portuguese,West End
Vera's Burger Shack,1030 Davie Street,Burgers,West End
Cafe Phin,976 Denman St,Vietnamese,West End
Sun Bo Kong,1363 Kingsway,Vegetarian / Vegan,Kensington-Cedar Cottage
House of Dosas,1391 Kingsway,Indian,Kensington-Cedar Cottage
Commercial Street Cafe,3599 Commercial St,Café,Kensington-Cedar Cottage
Pallet Coffee Roasters,,Café,Kensington-Cedar Cottage
Pink Peppercorn Seafood House,1486 Kingsway St,Seafood,Kensington-Cedar Cottage
Green Lettuce Restaurant,1949 Kingsway,Chinese,Kensington-Cedar Cottage
Tung Hing Bakery,1196 Kingsway,Vietnamese,Kensington-Cedar Cottage
My Chau,1715 kingsway,Vietnamese,Kensington-Cedar Cottage
Po Kong,1334 Kingsway,Vegetarian / Vegan,Kensington-Cedar Cottage
Chau Veggie Express,5052 Victoria Dr,Vegetarian / Vegan,Kensington-Cedar Cottage
Amay’s House,5076 Victoria Dr,Asian,Kensington-Cedar Cottage
Pho Thai Hang,1962 Kingsway,Vietnamese,Kensington-Cedar Cottage
The Tipper,2066 Kingsway,American,Kensington-Cedar Cottage
Hai Phong,1246 Kingsway,Vietnamese,Kensington-Cedar Cottage
White Spot,1476 Kingsway,Burgers,Kensington-Cedar Cottage
Bâtard Boulangerie & Cafe Moderne,3958 Fraser St,Café,Kensington-Cedar Cottage
Sushi By Yuji,2252 Kingsway,Japanese,Kensington-Cedar Cottage
Hoang Yen,5338 Victoria Dr.,Vietnamese,Kensington-Cedar Cottage
Aree Thai,1150 Kingsway,Thai,Kensington-Cedar Cottage
O! Taho Filipino Taho Store,,Filipino,Kensington-Cedar Cottage
Banh Mi Saigon,5397 Victoria Drive,Vietnamese,Kensington-Cedar Cottage
Bandidas Taqueria,2781 Commercial Dr,Vegetarian / Vegan,Kensington-Cedar Cottage
Mogu: Japanese Street Eats,Howe Street,Food Truck,Kensington-Cedar Cottage
Adelitas Mexican Food,4180 Victoria Dr,Mexican,Kensington-Cedar Cottage
Pho Thái Hòa,1625 Kingsway,Vietnamese,Kensington-Cedar Cottage
Sal y Limón,701 Kingsway,Mexican,Kensington-Cedar Cottage
BKH Jerky,3201 Fraser St.,BBQ,Kensington-Cedar Cottage
Pizza Carano,4241 Fraser St,Pizza,Kensington-Cedar Cottage
Dosa Factory,,South Indian,Kensington-Cedar Cottage
Hoi An,5002 Victoria Dr,Vietnamese,Kensington-Cedar Cottage
Ba Le French Sandwiches (Banh Mi),701 Kingsway Ave.,Vietnamese,Kensington-Cedar Cottage
Bakery Sate,2879 Commercial Drive,Bakery,Kensington-Cedar Cottage
Hapag Ihaw Ihaw,5432 Victoria Dr,Filipino,Kensington-Cedar Cottage
El Caracol Mexican Cafe,5190 victoria drive,Mexican,Kensington-Cedar Cottage
Green Lemongrass,1086 Kingsway,Vietnamese,Kensington-Cedar Cottage
Kings Cafe,2223 Kingsway,Café,Kensington-Cedar Cottage
Duffin's Donuts,1391 E 41st Ave.,Donuts,Kensington-Cedar Cottage
Golden Eats Seafood Restaurant,2141 Kingsway,Cantonese,Kensington-Cedar Cottage
Church's Chicken,2504 Kingsway,Fried Chicken,Kensington-Cedar Cottage
De Dutch Pannekoek House,4003 Knight Street,Breakfast,Kensington-Cedar Cottage
Western Lake Chinese Restaurant,4989 Victoria Drive,Chinese,Kensington-Cedar Cottage
Egg And Company,4245 Fraser Street,Breakfast,Kensington-Cedar Cottage
Kokoro Ramen,,Japanese,Kensington-Cedar Cottage
Seoul Doogbaegi House,1031 Kingsway,Korean,Kensington-Cedar Cottage
Szechuan Chongqing Restaurant,2808 Commercial Drive,Chinese,Kensington-Cedar Cottage
Kalvin's Szechuan Restaurant,5225 Victoria Dr,Chinese,Kensington-Cedar Cottage
Cedar Cottage Pub,1261 Kingsway,American,Kensington-Cedar Cottage
Vegan Pizza House,2119 Kingsway,Pizza,Kensington-Cedar Cottage
Truong Thanh,2096 kingsway,Vietnamese,Kensington-Cedar Cottage
Pho Quyen Restaurant,3916 Fraser St,Vietnamese,Kensington-Cedar Cottage
Subway,1773 Kingsway,Sandwiches,Kensington-Cedar Cottage
SweetSalt Baked Goods & Playscapes,3497 Fraser Street,Bakery,Kensington-Cedar Cottage
Veggiebowl,2222 Kingsway,Vegetarian / Vegan,Kensington-Cedar Cottage
Banner's Restaurant,1680 E. 12th Ave,Diner,Kensington-Cedar Cottage
Sandy La Chinese Restaurant,5257 Victoria Dr.,Chinese,Kensington-Cedar Cottage
Deutsches Haus,4875 Victoria Drive,German,Kensington-Cedar Cottage
Dai Tung 大同,#108 - 1050 Kingsway,Chinese,Kensington-Cedar Cottage
Lam Hoa Quan,5073 Victoria Drive,Vietnamese,Kensington-Cedar Cottage
BT Cafe,920 Kingsway,Chinese,Kensington-Cedar Cottage
Happy Family Restaurant,2178 Kingsway,Chinese,Kensington-Cedar Cottage
Mui Ngo Gai,2052 Kingsway,Vietnamese,Kensington-Cedar Cottage
Hoy's Won Ton House,1202 Kingsway,Chinese,Kensington-Cedar Cottage
Kyle's Cafe,2627 Commercial Drive,Chinese,Kensington-Cedar Cottage
Kawa Sushi,5088 Victoria Drive,Japanese,Kensington-Cedar Cottage
Oka-San,3578 Fraser st,Japanese,Kensington-Cedar Cottage
Nammos Estiatorio,3980 Fraser St,Greek,Kensington-Cedar Cottage
Ken's Chinese Restaurant,1097 kingsway,Chinese,Kensington-Cedar Cottage
Xu Hue,2226 kingsway,Vietnamese,Kensington-Cedar Cottage
Come Along Seafood Restaurant,2550 Kingsway,Chinese,Kensington-Cedar Cottage
Golden Swan Restaurant,5380 Victoria Street,Dim Sum,Kensington-Cedar Cottage
Naruto Sushi,2763 Commercial Drive,Sushi,Kensington-Cedar Cottage
Subway,4108 Fraser Street,Sandwiches,Kensington-Cedar Cottage
Pho Hoa,2257 Kingsway,Vietnamese,Kensington-Cedar Cottage
Fatty Cow Seafood Hot Pot 小肥牛火鍋專門店,5108 Victoria Drive,Chinese,Kensington-Cedar Cottage
Bale Deli & bakery,25 kingsway,Bakery,Kensington-Cedar Cottage
Pho Long,3370 Fraser St.,Vietnamese,Kensington-Cedar Cottage
Kent's Kitchen,5659 Victoria Dr,Asian,Kensington-Cedar Cottage
Shima-Ya Japanese Restaurant,5589 Victoria Dr,Japanese,Kensington-Cedar Cottage
Tiem Banh Dong Khanh,1196 Kingsway,Vietnamese,Kensington-Cedar Cottage
Kingsway Deli,Kingsway,Deli / Bodega,Kensington-Cedar Cottage
Pearl On Victoria,,Asian,Kensington-Cedar Cottage
AA Plus Fish Noodle Soup 好好味,,Noodles,Kensington-Cedar Cottage
Ubuntu,4194 Fraser Street,Restaurant,Kensington-Cedar Cottage
Bee Kim Heng,4194 Fraser St,Chinese,Kensington-Cedar Cottage
European Breads Bakery,4324 Fraser St.,Bakery,Kensington-Cedar Cottage
Nooru Mahal,4354 Fraser Street,Indian,Kensington-Cedar Cottage
Float On Bakeshop & Cafe,4384 Fraser St,Bakery,Kensington-Cedar Cottage
Grand View Szechuan Restaurant Ltd,4181 Fraser St,Chinese,Kensington-Cedar Cottage
Masayoshi,4376 Fraser St,Japanese,Kensington-Cedar Cottage
Aling Ening,4253 fraser street,Filipino,Kensington-Cedar Cottage
The Eastwood,4245 Fraser Street,American,Kensington-Cedar Cottage
Pho Cilantro,4197 Fraser St,Vietnamese,Kensington-Cedar Cottage
Penang Bistro,3960 Fraser St,Malay,Kensington-Cedar Cottage
Gojo Cafe,2838 Commercial Drive,African,Kensington-Cedar Cottage
Panz Veggie,3485 Fraser Street,Vegetarian / Vegan,Kensington-Cedar Cottage
Circus Play Cafe,1650 East 12th Ave,Café,Kensington-Cedar Cottage
Pho Hue,5497 Victoria Dr,Vietnamese,Kensington-Cedar Cottage
Pho Thuan An,789 Kingsway,Vietnamese,Kensington-Cedar Cottage
Kojak's,2763 Commercial Dr.,Fast Food,Kensington-Cedar Cottage
Maxim's Bakery,,Bakery,Kensington-Cedar Cottage
Sushiyama,371 E Broadway,Sushi,Mount Pleasant
Budgie’s Burritos,44 Kingsway,Burritos,Mount Pleasant
Fable Diner,151E E Broadway,Diner,Mount Pleasant
Tocador,2610 MAIN ST,Latin American,Mount Pleasant
Chutney Villa,147 E Broadway,Indian,Mount Pleasant
Carp,2516 Prince Edward Street,Sushi,Mount Pleasant
La Taqueria Pinche Taco Shop,2521 Main St,Tacos,Mount Pleasant
Rosemary Rocksalt,2515 Main St,Bagels,Mount Pleasant
Cartems Donuterie,2152 Main St,Donuts,Mount Pleasant
Congee Noodle House 粥麵館 (Congee Noodle House),141 E Broadway,Chinese,Mount Pleasant
JJ's Trucketeria,Fraser Street,Food Truck,Mount Pleasant
Burdock & Co.,2702 Main St,New American,Mount Pleasant
Nirvana Indian Restaruant,2313 Main Street,Indian,Mount Pleasant
Pure Bread,5 W 5th Ave,Bakery,Mount Pleasant
The Whip,209 E 6th Ave,Breakfast,Mount Pleasant
Ignite Pizzeria,Main Street,Pizza,Mount Pleasant
Dock Lunch,152 E 11th Ave,Sandwiches,Mount Pleasant
Sunny Spot Cafe 张记凉皮肉夹馍,2543 Main St,Noodles,Mount Pleasant
Burgoo Bistro,3096 Main St.,Mac & Cheese,Mount Pleasant
The Rumpus Room,2301 Main St,Diner,Mount Pleasant
Cafe D'Afrique,363  E. Broadway,Ethiopian,Mount Pleasant
Swiss Bakery,143 East 3rd Ave,Bakery,Mount Pleasant
Nuba Café,146 E 3rd Ave,Middle Eastern,Mount Pleasant
Peaceful Restaurant 和平饭店,43 E 5th Ave,Chinese,Mount Pleasant
COBS Bread,2924 Main St,Bakery,Mount Pleasant
Eight ½ Restaurant Lounge,151 E 8th Ave,Gastropub,Mount Pleasant
Toshi Sushi,181 E 16th Ave.,Sushi,Mount Pleasant
Chicha,136 E Broadway,Peruvian,Mount Pleasant
Osteria Savio Volpe,615 Kingsway,Italian,Mount Pleasant
Kranky Cafe,228 E 4th Ave,Café,Mount Pleasant
Martini's,151 Broadway W,Italian,Mount Pleasant
Hime Sushi,315 E Broadway,Sushi,Mount Pleasant
Thai Son,373 East Broadway's,Vietnamese,Mount Pleasant
Los Cuervos Taqueria & Cantina,603 Kingsway,Mexican,Mount Pleasant
Smith’s Bagelry,191 W. Broadway,Bagels,Mount Pleasant
The Gluten Free Epicurean,633 E 15th Ave,Bakery,Mount Pleasant
Tacofino Ocho,8 E 5th Avenue,Tacos,Mount Pleasant
Les Faux Bourgeois,663 E 15th Ave,French,Mount Pleasant
Anh and Chi,3388 Main St,Vietnamese,Mount Pleasant
Pizzeria Barbarella,654 E Broadway,Pizza,Mount Pleasant
Pho Goodness,3079 Main Street,Vietnamese,Mount Pleasant
Tractor,1751 Quebec St,Salad,Mount Pleasant
Modus Coffee,112 W Broadway,Café,Mount Pleasant
Papa's Pizza,3030 Main Street,Pizza,Mount Pleasant
Emelle's Catering,177 W.7th Avenue,Bistro,Mount Pleasant
Pho Linh,325 E Broadway,Vietnamese,Mount Pleasant
The General Public,3289 Main St,Japanese,Mount Pleasant
The Wallflower,2420 Main St,Diner,Mount Pleasant
El Camino's,3250 Main St.,Latin American,Mount Pleasant
Maizal,,Mexican,Mount Pleasant
Fife Bakery,64 East 3rd Avenue,Bakery,Mount Pleasant
Anna's Cake House,606 East Broadway,Bakery,Mount Pleasant
Kwong Chow Congee & Noodle House,3163 Main St.,Noodles,Mount Pleasant
Caffé Rustico,3136 Main St.,Café,Mount Pleasant
Fassil,736 East Broadway,Ethiopian,Mount Pleasant
The Lions Den Cafe,651 E 15th Ave,Caribbean,Mount Pleasant
Terra Breads False Creek,53 West 5th Ave,Café,Mount Pleasant
Frenchies Montreal Smoked Meat,,Bistro,Mount Pleasant
Don’t Argue Pizzeria,3240 Main St,Pizza,Mount Pleasant
Caffé Barney,2526 Main St,Breakfast,Mount Pleasant
Como Taperia,201 E 7th Ave,Tapas,Mount Pleasant
Subway,36-96 E Broadway,Sandwiches,Mount Pleasant
Argo Cafe,1836 Ontario St.,Diner,Mount Pleasant
The Black Lodge,630 Kingsway,Vegetarian / Vegan,Mount Pleasant
Bonchaz Bakery Cafe,189 E Broadway,Bakery,Mount Pleasant
Mali Thai Restaurant,2710 Main St,Restaurant,Mount Pleasant
Aussie Pie Guy,,Food Truck,Mount Pleasant
Great Han Mongolian BBQ,3043 Main Street,Asian,Mount Pleasant
Marutama Gaiden,2858 Main Street,Ramen,Mount Pleasant
Railtown Cafe,1691 Main St,Café,Mount Pleasant
Subway,"2827 Main Street, Unit 3",Sandwiches,Mount Pleasant
Lucy's Eastside Diner,2708 Main St,Diner,Mount Pleasant
Subway,8-615 E Broadway,Sandwiches,Mount Pleasant
Vera's Burger Shack,2922 Main Street,Burgers,Mount Pleasant
Josephine's Restaurant,2650 Main Street,Asian,Mount Pleasant
Toko Restaurant,223 W 7th Ave.,Chinese,Mount Pleasant
Pleasant Beans,39 Kingsway,Café,Mount Pleasant
Best Burrito,15 W. Broadway,Burritos,Mount Pleasant
BNS Cafe,691 East Broadway,Café,Mount Pleasant
Indochine Kitchen,1 East Broadway,Asian,Mount Pleasant
L’atelier Patisserie,,Bakery,Mount Pleasant
Gigi's Pizza & Spaghetti House,189 Broadway W,Pizza,Mount Pleasant
Manna Sushi,6 East 2nd Ave,Sushi,Mount Pleasant
Fatburger,255 West Broadway,Burgers,Mount Pleasant
Mangia Cucina & Bar,2211 Manitoba St,Pizza,Mount Pleasant
Our Place Cafe,2205 Manitoba,Café,Mount Pleasant
Ba Le,691 E Broadway,Vietnamese,Mount Pleasant
Cazba Food Truck,Granville St.,Food Truck,Mount Pleasant
Pho Nha Trang,720 E Broadway,Vietnamese,Mount Pleasant
Laura's Coffee Shop,1945 Manitoba St.,Diner,Mount Pleasant
Hon's Wonton House,25 E 2nd Ave,Asian,Mount Pleasant
Main Street Grill,,Burgers,Mount Pleasant
Koi Tapas Bar,630 Kingsway,Japanese,Mount Pleasant
Pop Up Pizza,646 Kingsway,Pizza,Mount Pleasant
Mega Grill Pop-up Pizza,,Pizza,Mount Pleasant
Pho Quynh Express,91 West 2nd Avenue,Vietnamese,Mount Pleasant
Jinya Express Ramen,153 W 4th Ave,Ramen,Mount Pleasant
Rouge Bistro,91 W 2nd Ave,Bistro,Mount Pleasant
Sushi Mura,6485 Oak St,Sushi,Oakridge
A&W,6491 Oak Street,Fast Food,Oakridge
Samurai Sushi House,5888 Cambie St.,Sushi,Oakridge
Subway,6471 Oak St,Sandwiches,Oakridge
Togo Sushi,423-650 W 41st Ave,Sushi,Oakridge
Peninsula Seafood Restaurant,"650 West 41st Ave Vancouver, BC V5Z2M9",Cantonese,Oakridge
New York Fries - Oakridge Centre,650 41st Ave W Unit F11,Restaurant,Oakridge
A&W,650 - 41st Ave W,Fast Food,Oakridge
Phò Hōa,1011 W 49th Ave,Vietnamese,Oakridge
Taco Luis,650 West 41,Tacos,Oakridge
KFC,650 West 41st Avenue,Fast Food,Oakridge
Oak Street Farmers' Market,,Food,Oakridge
Saint Germain Bakery,650 West 41st Ave,Bakery,Oakridge
Domino's Pizza,6469 Oak St,Pizza,Oakridge
Oakridge Centre Food Court,650 West 41st Ave.,Food Court,Oakridge
Kernels Popcorn,Oakridge Mall,Snacks,Oakridge
Mmmuffins,Oakridge,Bakery,Oakridge
Curry Express,650 W 41st Ave,Indian,Oakridge
Teriyaki Experience,650 West 41st Ave,Japanese,Oakridge
Crêpe de licious,,Creperie,Oakridge
Shi Art Express,F7-650 W 41st Ave,Chinese,Oakridge
Pita Works,650 W 41st Ave,Greek,Oakridge
Vina Vietnamese,655 W 41st Ave,Vietnamese,Oakridge
Opa! Souvlaki of Greece,650 W 41st Ave,Greek,Oakridge
Nava,950 W 41st Ave,Café,Oakridge
Ragazzi Pizza,2996 E. 22nd Ave.,Pizza,Renfrew-Collingwood
Banana Grove Market & Deli,2705 E. 22nd Ave.,Deli / Bodega,Renfrew-Collingwood
Jambo Grill,3219 Kingsway,Indian,Renfrew-Collingwood
Chili Pepper House,#1 - 3003 Kingsway,Asian,Renfrew-Collingwood
Joojak Restaurant 朱雀坊,3337 Kingsway,Asian,Renfrew-Collingwood
Sushiholic,3311 East Broadway,Sushi,Renfrew-Collingwood
Sushi By Yuji,2252 Kingsway,Japanese,Renfrew-Collingwood
Church's Chicken,2504 Kingsway,Fried Chicken,Renfrew-Collingwood
Agra Tandoori Restaurant,110 - 3790 Canada Way,Indian,Renfrew-Collingwood
Andamiro Korean Bistro,2568 Kingsway,Asian,Renfrew-Collingwood
Wang's Shanghai Cuisine,110-3328 Kingsway,Shanghai,Renfrew-Collingwood
Kimu Japanese Cuisine,4441 Boundary Rd,Sushi,Renfrew-Collingwood
Subway,"3790 Canada Way, Suite 101",Sandwiches,Renfrew-Collingwood
Burnaby Palace Restaurant,3110 Boundary Rd,Chinese,Renfrew-Collingwood
Penang Delight Cafe,3885 Rupert St,Malay,Renfrew-Collingwood
Dario Italian Restaurant,3075 Slocan St,Italian,Renfrew-Collingwood
Panaderia Latina,4906 Joyce St,Bakery,Renfrew-Collingwood
The Tipper,2066 Kingsway,American,Renfrew-Collingwood
Wendy’s,3698 Grandview Highway,Fast Food,Renfrew-Collingwood
Pho Thai Hang,1962 Kingsway,Vietnamese,Renfrew-Collingwood
Kings Cafe,2223 Kingsway,Café,Renfrew-Collingwood
Hyoga,#2 - 3343 Kingsway,Japanese,Renfrew-Collingwood
Sushi Taku,4902 Joyce St,Sushi,Renfrew-Collingwood
Cho Sun BBQ,3486 Kingsway,Korean,Renfrew-Collingwood
Golden Eats Seafood Restaurant,2141 Kingsway,Cantonese,Renfrew-Collingwood
Pho Nhuan,2989 Rupert St,Vietnamese,Renfrew-Collingwood
Off the Grid Waffles,2665 Kingsway,Café,Renfrew-Collingwood
Top Cantonese Restaurant,2752 Kingsway,Chinese,Renfrew-Collingwood
Super Great Pizza,3308 Vaness Ave,Pizza,Renfrew-Collingwood
囍相逢 Happy Day Cafe (Happy Day Cafe),3312 Kingsway,Cantonese,Renfrew-Collingwood
Pizza Hut,2850 Grandview Highway,Pizza,Renfrew-Collingwood
Vegan Pizza House,2119 Kingsway,Pizza,Renfrew-Collingwood
Veggiebowl,2222 Kingsway,Vegetarian / Vegan,Renfrew-Collingwood
Vallarta's Mexican Restaurant,2991 E. Broadway,Mexican,Renfrew-Collingwood
Come Along Seafood Restaurant,2550 Kingsway,Chinese,Renfrew-Collingwood
Triple O's,3505 Grandview Hwy.,Burgers,Renfrew-Collingwood
Sunflower Bubble Tea,5125 Joyce St,Asian,Renfrew-Collingwood
Subway,2892 Grandview Hwy,Sandwiches,Renfrew-Collingwood
Truong Thanh,2096 kingsway,Vietnamese,Renfrew-Collingwood
Subway,5218 Joyce St,Sandwiches,Renfrew-Collingwood
McKim Wonton Mein Saga,2780 Kingsway,Chinese,Renfrew-Collingwood
Prince Seafood Chinese Restaurant,2881 Grandview Hwy,Chinese,Renfrew-Collingwood
Boston Pizza,2850 Bentall St,Pizza,Renfrew-Collingwood
Happy Family Restaurant,2178 Kingsway,Chinese,Renfrew-Collingwood
Freshslice Pizza,2-2889 Grandview Hwy,Pizza,Renfrew-Collingwood
Congee Noodle King 粥麵軒,3133 Kingsway,Chinese,Renfrew-Collingwood
Happy Valley Seafood Restaurant,3432 Lougheed Hwy,Dim Sum,Renfrew-Collingwood
El Inka Deli,3826 Sunset,Latin American,Renfrew-Collingwood
Mui Ngo Gai,2052 Kingsway,Vietnamese,Renfrew-Collingwood
Xu Hue,2226 kingsway,Vietnamese,Renfrew-Collingwood
Gold Train Express,3320 Kingsway,Vietnamese,Renfrew-Collingwood
Bao Bakery,5115 Joyce St,Bakery,Renfrew-Collingwood
Goto King,5183 Joyce St,Asian,Renfrew-Collingwood
iSushi,3883 Rupert St,Sushi,Renfrew-Collingwood
Lucky Plus,Rupert Street,Chinese,Renfrew-Collingwood
Pho Hoa,2257 Kingsway,Vietnamese,Renfrew-Collingwood
James Street Cafe & Grill,3819 Canada Way,Indian,Renfrew-Collingwood
Rose Garden,3415 Kingsway,Chinese,Renfrew-Collingwood
Bubble World,2- 3377 Kingsway,Chinese,Renfrew-Collingwood
Thai Escape,4902 Joyce St,Thai,Renfrew-Collingwood
Pizza by the Slice,3388 Vanness Ave,Pizza,Renfrew-Collingwood
Donair Land,3384 Vanness Ave,Falafel,Renfrew-Collingwood
Cucina Manila,5179 Joyce St,Asian,Renfrew-Collingwood
The Sea House Fish and Chips,7-3003 Kingsway,Fish & Chips,Renfrew-Collingwood
Phekda Seafood Restaurant,2568 Kingsway,Chinese,Renfrew-Collingwood
Mcgavins bread basket,Kingsway & slocan,Food,Renfrew-Collingwood
Dragon House Restaurant,3293 Kingsway,Chinese,Renfrew-Collingwood
品一品秘製香辣鍋 Chef Pin,3292 Kingsway,Szechuan,Renfrew-Collingwood
Beijiang Restaurant,3281 Kingsway,Chinese,Renfrew-Collingwood
Domino's Pizza,5522 Joyce St,Pizza,Renfrew-Collingwood
Big Star Sandwich Co.,3736 Canada Way,Sandwiches,Renfrew-Collingwood
Peaceful Restaurant 和平饭店,3320 Kingsway,Chinese,Renfrew-Collingwood
Argo,,Greek,Renfrew-Collingwood
Nu Sushi Bar,100 - 3787 Canada Way,Restaurant,Renfrew-Collingwood
Ichiban Sushi,110-3328 Kingsway,Japanese,Renfrew-Collingwood
Xiang Wei Nong (Hunan),,Chinese,Renfrew-Collingwood
烤之味,,Chinese,Renfrew-Collingwood
Pine House Bread & Cake Shop,3396 Kingsway,Bakery,Renfrew-Collingwood
Mr.Sub,2885 Broadway E,Restaurant,Renfrew-Collingwood
Shoom 雅菀食府,,Cantonese,Sunset
So Hyang Korean Cuisine,6345 Fraser Street,Korean,Sunset
Panos Greek Taverna,654 SE Marine Dr,Restaurant,Sunset
Roots Cafe,6502 Main Street,Café,Sunset
Deer Garden Signatures,6270 Fraser Street,Chinese,Sunset
Ho Yuen Kee Restaurant,6236 Fraser St,Chinese,Sunset
Mr. Shawarma,,Food Truck,Sunset
BAKER & TABLE Cafe,6414 Fraser St.,Bakery,Sunset
Dosa Corner,8248 Fraser St.,Indian,Sunset
Church's Chicken,5704 Fraser St,Fried Chicken,Sunset
All India Sweets & Restaurant,6507 Main St,Indian,Sunset
Subway,6191 Fraser St,Sandwiches,Sunset
Original Tandoori Kitchen,7215 Main St,Restaurant,Sunset
Koon Bo Resturant,,Chinese,Sunset
89 Inn,6390 Fraser Street,Japanese,Sunset
Pho Hong,6348 Fraser St.,Vietnamese,Sunset
Subway,610 SE Marine Dr,Sandwiches,Sunset
New Bhaia,5740 Fraser Street,Indian,Sunset
Pinpin Restaurant,6113 Fraser St,Asian,Sunset
Good Choice Restaurant,6007 Fraser Street,Chinese,Sunset
Wendy’s,10 S E Marine Dr,Fast Food,Sunset
Subway,7289 Knight Street,Sandwiches,Sunset
Dockers Family Restaurant,6094 Fraser St,Diner,Sunset
Yu Xiang Yuan,6591 Fraser St,Chinese,Sunset
White Spot,1126 SE Marine Dr,Burgers,Sunset
Pizza Hut,6082 Fraser Street,Pizza,Sunset
Triple O's,196 SE Marine Dr,Burgers,Sunset
Subway,"350 SE Marine Dr, Unit #5",Sandwiches,Sunset
Himalaya Restaurant,6587 Main Street,Indian,Sunset
Kalai's Dosa Hut,7233 Fraser Street,South Indian,Sunset
Saigon Fare Cafe,203 SE Marine Dr,Vietnamese,Sunset
Taste Good Wonton Seafood Restaurant,620 SE Marine Dr,Chinese,Sunset
Sartaj Sweets & Restaurant,6665 Fraser street,Indian,Sunset
Dhoom Restaurant & Bar,,Indian,Sunset
Dhaliwal Sweets,6555 Fraser St,Indian,Sunset
Best Quality Sweets & Restaurant,7260 Main St,Indian,Sunset
Tandoori King,8017 Fraser St.,Indian,Sunset
Sushi Moon,,Sushi,Sunset
Tandoori Raj Restaurant,689 East 65 Avenue,Indian,Sunset
Lian Hong Chinese Food & Bakery,6400 Fraser St,Dim Sum,Sunset
Freshslice Pizza,6374 Fraser St,Pizza,Sunset
Madras Spice,,Indian Chinese,Sunset
Fraser BBQ & Fresh Meat,6340 Fraser St,BBQ,Sunset
Galaxy Bakery,6340 Fraser St,Bakery,Sunset
Koon Lock Restaurant,6270 Fraser Street,Chinese,Sunset
Angel Cake & Cafe,5995 Fraser St,Chinese,Sunset
Indochine Kitchen + Bar,6231 Fraser Street,Asian,Sunset
Kabab Hut,"219 East, 49th Avenue",Indian,Sunset
Gia Minh Restaurant,6181 Fraser Street,Vietnamese,Sunset
Hometown Pizza,1408 57 Ave. E,Pizza,Sunset
Moon Café,6181 Fraser St,Chinese,Sunset
Wo's Chinese Restaurant,8166 Main St,Chinese,Sunset
HiFive24 Baked and Fried Chicken,203 SE Marine Dr,Fast Food,Sunset
Tukasa Japanese Restaurant,8197 Main St,Japanese,Sunset
Al Watan Tandoori,6804 Fraser St.,Indian,Sunset
Quiznos,1306 SE Marine Drive,Sandwiches,Sunset
Angel Cafe 君怡餐廳,,Cantonese,Sunset
Triple O's,100 W 49th Ave,Burgers,Sunset
Chicken World,1412 E 49th Ave,Fried Chicken,Sunset
Papa Dave's pizza and indian cuisine,Knight St,Indian,Sunset
Little Caesars Pizza,5927 Fraser St.,Pizza,Sunset
Quiznos,100 W. 49th Ave,Sandwiches,Sunset
Langara Cafe,100 W 49th Ave,Restaurant,Sunset
Duke's Coffee,Langara SUB,Café,Sunset
Wakame Sushi,5830 Fraser St.,Japanese,Sunset
Dewan-E-Khass,5750 Fraser St.,Indian,Sunset
Pho Ngan,5744 Fraser St,Vietnamese,Sunset
Bhaia Sweets And Restaurant,,Indian,Sunset
Camy's Pizza,5688 Fraser Street,Pizza,Sunset
KFC,6487 Knight Street,Fast Food,Sunset
Burgoo Bistro,4434 West 10th Ave.,Restaurant,West Point Grey
Takumi Japanese Restaurant,4422 W 10th Ave,Japanese,West Point Grey
The Galley Patio & Grill,1300 Discovery Street,Burgers,West Point Grey
Mix the Bakery,4430 W 10th Ave,Bakery,West Point Grey
Sun Sushi,4512 W 10th Ave.,Sushi,West Point Grey
Hime Sushi,4480 W 10th Ave.,Sushi,West Point Grey
Subway,4367 W 10th Ave,Sandwiches,West Point Grey
Pizza Hut,4540 West 10th Avenue,Pizza,West Point Grey
The Kitchen Homemade Korean Restaurant,2620 Sasamat street,Korean,West Point Grey
Gold Train Express,4530 West 10th Ave,Vietnamese,West Point Grey
Ginger and Chili,4423 West 10th Ave,Asian,West Point Grey
T Room Bakery & Kitchenware,4445 West 10th Ave,Bakery,West Point Grey
Dentry's Irish Grill,4450 West 10 Ave.,Irish,West Point Grey
Thai Spicy,4530 W 10th St,Vietnamese,West Point Grey
The Diner,4556 10th Ave W,Diner,West Point Grey
Everyday Sushi,4572 W 10th Ave.,Sushi,West Point Grey
Candia Taverna,4510 W. 10th Ave.,Greek,West Point Grey
Locarno Beach Cafe,4445 NW Marine Dr,Café,West Point Grey
Crépe Café,3500 W 41 Ave,Café,Dunbar-Southlands
Red Tuna,3592 W 41st Ave,Japanese,Dunbar-Southlands
Butter Baked Goods,4907 Mackenzie St,Bakery,Dunbar-Southlands
The Patty Shop,4019 Macdonald St,Caribbean,Dunbar-Southlands
Handi Cuisine of India,4432 Dunbar St.,Indian,Dunbar-Southlands
Minerva's Pizza & Steakhouse,2411 41st ave,Italian,Dunbar-Southlands
La Buca,4025 MacDonald Street,Italian,Dunbar-Southlands
Cheshire Cheese Inn,4585 Dunbar St.,Restaurant,Dunbar-Southlands
Sofra Mediterannean Kitchen,2277 W 41st Ave,Mediterranean,Dunbar-Southlands
La Notte,,Italian,Dunbar-Southlands
Subway,4490 Dunbar St,Sandwiches,Dunbar-Southlands
Sushi Inn,4414 Dunbar St.,Sushi,Dunbar-Southlands
Sushi Hachi,2255 W 41st Ave.,Sushi,Dunbar-Southlands
Mexicali,4424 Dunbar St.,Mexican,Dunbar-Southlands
Cosy Inn Café,4455 Dunbar St,Diner,Dunbar-Southlands
Wild Sushi,4288 Dunbar St.,Sushi,Dunbar-Southlands
Beantown Coffee House,Dunbar,Café,Dunbar-Southlands
Asa Sushi,2178 West 41st Ave.,Sushi,Dunbar-Southlands
Orange Corner Crepe House,2257 West 41st Avenue,Asian,Dunbar-Southlands
Dunbar Pizza,3348 Dunbar St,Indian,Dunbar-Southlands
41 Noodle & Rice Pot House,2279 West 41st Avenue,Cantonese,Dunbar-Southlands
COBS Bread,2174 W 41st Ave,Bakery,Dunbar-Southlands
Ajisai Sushi Bar,2081 W 42nd Ave.,Japanese,Kerrisdale
Nando's,2064 W 41st Ave,Portuguese,Kerrisdale
Minerva's Pizza & Steakhouse,2411 41st ave,Italian,Kerrisdale
Golden Ocean Seafood Restaurant,2046 W 41 Ave.,Chinese,Kerrisdale
Bufala,5395 West Blvd,Pizza,Kerrisdale
Faubourg Bistro,2156 W 41st Ave,Café,Kerrisdale
Pho Tan Vietnamese Beef Noodle Soup & Bubble Tea,2076 West 41st Ave.,Vietnamese,Kerrisdale
Sofra Mediterannean Kitchen,2277 W 41st Ave,Mediterranean,Kerrisdale
White Spot,5367 West Blvd,Burgers,Kerrisdale
BBT Cafe,5979 West Blvd,Chinese,Kerrisdale
Ramen Jinya,2129 W 41st Ave,Noodles,Kerrisdale
Senova,1864 W. 57th Avenue,Spanish,Kerrisdale
Subway,5623 West Boulevard,Sandwiches,Kerrisdale
Sushi Hachi,2255 W 41st Ave.,Sushi,Kerrisdale
Bean Around The World,1846 W 57th Ave,Café,Kerrisdale
Asa Sushi,2178 West 41st Ave.,Sushi,Kerrisdale
Orange Corner Crepe House,2257 West 41st Avenue,Asian,Kerrisdale
Modern City Chinese Restaurant,2106 West 41st Ave,Chinese,Kerrisdale
Kerrisdale Kitchen,6055 West Blvd.,Chinese,Kerrisdale
Legato Tea & Coffee,2299 West 41st Ave,Café,Kerrisdale
Lok's Chinese Restaurant,2436 West 41st Avenue,Chinese,Kerrisdale
The Shanghai Kitchen,,Chinese,Kerrisdale
Moore's Bakery,,Bakery,Kerrisdale
My Cup,2098 W. 41st Ave,Snacks,Kerrisdale
41 West,2279 West 41st Avenue,Diner,Kerrisdale
Deer Island Bakery,,Bakery,Kerrisdale
Kerrisdale Nakamura,2055 W 41st Ave.,Japanese,Kerrisdale
New Chongqing Restaurant,2044 W41st Ave,Chinese,Kerrisdale
Sweet E's Pastries & Sweets,2032 W41 ave,Bakery,Kerrisdale
Sushi King House,5333 West Blvd.,Sushi,Kerrisdale
Kinemi's Kitchen,7751 Champlain Crescent,Pizza,Killarney
A&W,7092 Kerr Street,Fast Food,Killarney
Romer's Burger Bar,8683 Kerr St,Burgers,Killarney
Sushi Go,7026 Kerr St,Sushi,Killarney
Joojak Restaurant 朱雀坊,3337 Kingsway,Asian,Killarney
Subway,7172 Kerr Street,Sandwiches,Killarney
Wang's Shanghai Cuisine,110-3328 Kingsway,Shanghai,Killarney
Cho Sun BBQ,3486 Kingsway,Korean,Killarney
Hyoga,#2 - 3343 Kingsway,Japanese,Killarney
囍相逢 Happy Day Cafe (Happy Day Cafe),3312 Kingsway,Cantonese,Killarney
Subway,"3490 Kingsway Ave, #1",Sandwiches,Killarney
54th Ave Restaurant,7088 Kerr St,Chinese,Killarney
Max's Restaurant,3546 Kingsway,Filipino,Killarney
Bubble Waffle Cafe,2639 East 49th Ave,Asian,Killarney
Wally's Burgers,2661 E 49th Ave,Burgers,Killarney
Tasty Wok,7190 Kerr St,Chinese,Killarney
Bonnie's Bread Bakery,7180 Kerr St,Bakery,Killarney
Gold Train Express,3320 Kingsway,Vietnamese,Killarney
Yu Kee BBQ Kitchen,#110-111 2609 East 49th Avenue,Restaurant,Killarney
Rose Garden,3415 Kingsway,Chinese,Killarney
Bubble World,2- 3377 Kingsway,Chinese,Killarney
Mt. Fuji Japanese Restaurant,106 - 2607 E 49th Ave,Japanese,Killarney
Fraserview Clubhouse,,Café,Killarney
Columbus Restaurant,2639 East 49th Avenue,Italian,Killarney
Sushi Mura,3545 Sawmill Cres.,Sushi,Killarney
Pho Thai Ha,2653 E 49th Ave,Vietnamese,Killarney
Wing Wah Bakery,2607 E 49th Av,Bakery,Killarney
Papa John's Pizza,#300-3320 Kingsway,Pizza,Killarney
Domino's Pizza,5522 Joyce St,Pizza,Killarney
The Only Cafe,2678 W 4th Ave,Café,Kitsilano
Terra Breads,2380 W 4th Ave,Bakery,Kitsilano
Raisu,2340 West 4th Ave.,Japanese,Kitsilano
Guanaco Salvadoran Cuisine food truck,Down town Vancouver,Food Truck,Kitsilano
Au Comptoir,2278 W 4th Ave,French,Kitsilano
Maria's Taverna,W. 4th Ave,Greek,Kitsilano
The Naam Restaurant,2724 W 4th Ave,Vegetarian / Vegan,Kitsilano
Burgoo Bistro,2272 W 4th Ave,Mac & Cheese,Kitsilano
Linh Cafe,2836 West 4th Ave,Breakfast,Kitsilano
Market Meats,2326 West 4th Ave,Deli / Bodega,Kitsilano
Chewie’s Biscuit Co,2822 W 4th Ave,Southern / Soul,Kitsilano
Nat's New York Pizzeria,2684 West Broadway,Pizza,Kitsilano
Sunshine Diner,2649 W Broadway,Diner,Kitsilano
Mr. Red Cafe,2680 W. Broadway,Vietnamese,Kitsilano
Sophie’s Cosmic Cafe,2095 W 4th Ave,American,Kitsilano
Feastro,100-298 Thurlow St,Food Truck,Kitsilano
Edible Flours,2280 W Broadway,Vegetarian / Vegan,Kitsilano
Dark Table,"2611, West 4th Avenue",Restaurant,Kitsilano
MAK N MING,1629 Yew Street,Asian,Kitsilano
Parthenon Supermarket,3080 W Broadway,Greek,Kitsilano
Nick Sushi,2953 West 4th Ave.,Sushi,Kitsilano
Chewies Steam & Oyster Bar Kitsilano,2201 W 1st Ave,Seafood,Kitsilano
COBS Bread,2320 West 4th Ave,Bakery,Kitsilano
Bishop's Restaurant,2183 4th Avenue W,Restaurant,Kitsilano
White Spot,2518 W Broadway,Burgers,Kitsilano
The Indian Oven,2006 W 4th Ave,Indian,Kitsilano
Turf,W. 4th Avenue,Salad,Kitsilano
Their There,2042 W 4th Ave.,Bakery,Kitsilano
Fable,1944 W 4th Ave,Restaurant,Kitsilano
Tera V Burger,2961 West Broadway,Vegetarian / Vegan,Kitsilano
Cartems Donuterie,3040 W Broadway,Donuts,Kitsilano
Maenam,1938 W 4th Ave,Thai,Kitsilano
Solly’s Bagelry,2873 W Broadway,Bagels,Kitsilano
Nook,1525 Yew St.,Italian,Kitsilano
East is East,3243 W Broadway,Middle Eastern,Kitsilano
Nelly's Grill,2061 4th Ave W,Breakfast,Kitsilano
Fresh is Best,2972 W. Broadway Street,Mexican,Kitsilano
La Cigale French Bistro,1961 W 4th Ave,French,Kitsilano
Corduroy,1943 Cornwall Ave,Restaurant,Kitsilano
Viva Fine Foods,1555 Yew St,Bakery,Kitsilano
AnnaLena,1809 W 1st Ave,Restaurant,Kitsilano
Green Leaf,3416 West Broadway,Sushi,Kitsilano
Romer's Burger Bar,1873 W 4th Ave,Burgers,Kitsilano
Bistro Pastis,2153 W 4th Ave,French,Kitsilano
Ramen Danbo,1833 W. 4th Ave.,Noodles,Kitsilano
Iki Japanese Restaurant,2756 W Broadway,Japanese,Kitsilano
Nuba,3116 W Broadway,Middle Eastern,Kitsilano
Sejuiced,1958 W 4th Ave.,Vegetarian / Vegan,Kitsilano
Rocky Mountain Flatbread Company,1876 West 1st Ave,Pizza,Kitsilano
Gramercy Grill,2685 Arbutus St.,Restaurant,Kitsilano
Blue Star Japanese Bistro,1935 W 4th Ave,Japanese,Kitsilano
Local Kitsilano,2210 Cornwall Ave,New American,Kitsilano
Tractor,1903 W 4th Ave,Café,Kitsilano
Simpatico Greek Restaurant,2222 W 4th Ave,Greek,Kitsilano
Al Basha,3143 W Broadway,Middle Eastern,Kitsilano
Sushi Bella,2059 W 4th Ave.,Sushi,Kitsilano
Gypsy Rose Cafe,2017 4th Avenue West,Café,Kitsilano
Notte's Bon Ton Pastry,3150 Broadway W,Bakery,Kitsilano
Bangkok City Cafe,2-2953 W 4th Ave,Thai,Kitsilano
Las Margaritas,1999 W 4th Ave,Mexican,Kitsilano
Kibune Sushi,1508 Yew St,Sushi,Kitsilano
Harvest Deli,2963 West Broadway,Deli / Bodega,Kitsilano
Yuwa Japanese Cuisine,2775 W 16th Ave,Japanese,Kitsilano
Temaki Sushi,2-2156 W Broadway,Sushi,Kitsilano
Gyo Para Gyoza & Ramen Bar,2120 West Broadway,Ramen,Kitsilano
Banana Leaf,3005 West Broadway,Malay,Kitsilano
Chickpea,,Food Truck,Kitsilano
Pane from Heaven,1670 cypress street,Bakery,Kitsilano
Cafe Zen,1631 Yew St,Breakfast,Kitsilano
Octopus Garden,1995 Cornwall Avenue,Japanese,Kitsilano
Noodlebox,1867 West 4th Avenue,Asian,Kitsilano
Baguette & Co,3273 West Broadway,Bakery,Kitsilano
Mamalee,3144 W. Broadway,Malay,Kitsilano
Lucky Taco,1635 Yew St,Mexican,Kitsilano
Jam Cafe,2153 W 4th Ave,Café,Kitsilano
Burrito Bros.,2209 W 1st Ave,Mexican,Kitsilano
Deacon's Corner,3189 W Broadway,Diner,Kitsilano
Mr. Shawarma Cafe,1859 W 4th Ave.,Middle Eastern,Kitsilano
Hitoe Sushi,3347 W 4th Ave.,Sushi,Kitsilano
Thai Basil,3271 W Broadway,Thai,Kitsilano
Akbar's Own Dining Lounge,1905 West Broadway,Indian,Kitsilano
Regal Beagle,2283 W Broadway,Restaurant,Kitsilano
Trattoria Italian Kitchen,1850 W 4th Ave,Italian,Kitsilano
Al Basha,1937 Cornwall Ave,Falafel,Kitsilano
Juliet’s Café,1905 Cornwall Ave,Café,Kitsilano
Panne Rizo,1939 Cornwall ave,Gluten-free,Kitsilano
The Sushi Bar,1822 W 4th Ave.,Sushi,Kitsilano
Tandoori Fusion Indian Cusine,2872 West Broadway,Indian,Kitsilano
Blaq Sheep Coffee House,2959 W 4th Ave,Café,Kitsilano
Uncle Fatih's Pizza,2778 W Broadway,Pizza,Kitsilano
Strike,3217 West Broadway,Asian,Kitsilano
Subway,"3090 W Broadway St, Unit 3",Sandwiches,Kitsilano
Jolly's Indian Bistro,2928 West 4th Ave,Indian,Kitsilano
Olympia Pizza,3205 West Broadway,Greek,Kitsilano
Subway,1-2801 West 16th Avenue,Sandwiches,Kitsilano
The Boathouse Restaurant,1305 Arbutus St,Seafood,Kitsilano
Pizza Hut,1829 West 4th Avenue,Pizza,Kitsilano
Flying Wedge Pizza Co,1935 Cornwall Ave,Pizza,Kitsilano
Kits Sushi,1518 Yew St.,Sushi,Kitsilano
Charqui Tap & Grill,1955 Cornwall Ave.,Restaurant,Kitsilano
Seasons in the Park,West 33rd Avenue,Seafood,South Cambie
Goma Sushi,3720 Oak St.,Sushi,South Cambie
Truffles Fine Foods,5151 Oak St,Sandwiches,South Cambie
Lemonade Gluten Free Bakery,3385 Cambie St,Bakery,South Cambie
Corduroy Pie Company,758 W16th Ave,Pizza,South Cambie
BierCraft,3307 Cambie St.,Belgian,South Cambie
Landmark Hot Pot House 春秋火鍋,4023 Cambie St.,Chinese,South Cambie
Sorella,3369 Cambie Street,Italian,South Cambie
Shaughnessy Restaurant,5251 Oak St,Restaurant,South Cambie
Tandem Bike Cafe,3195 Heather St,Café,South Cambie
JJ Bean,3399 Cambie St.,Café,South Cambie
Dutch Wooden Shoe Cafe,3292 Cambie St.,Breakfast,South Cambie
Hachibei,778 W. 16th Ave,Japanese,South Cambie
Pho Xe Lua 24,3346 Cambie St,Vietnamese,South Cambie
New Town Bakery,3484 Cambie Street,Bakery,South Cambie
Viet House,3420 Cambie St,Vietnamese,South Cambie
Osaka Sushi,960 West King Edward Ave.,Sushi,South Cambie
Mimibuloveme,5556 Cambie St.,Café,South Cambie
Las Tortas,3353 Cambie St,Mexican,South Cambie
Café Gloucester 告羅士打餐廳,3338 Cambie St.,Chinese,South Cambie
The Best Neighbours Restaurant,3838 Oak St.,Greek,South Cambie
Corner 23,4008 Cambie St.,Chinese,South Cambie
City1Cafe,954 West King Edward Ave.,Malay,South Cambie
Subway,3890 Oak St,Sandwiches,South Cambie
Tokyo John Sushi,3349 Cambie St.,Sushi,South Cambie
Morrison / Shy Café,4500 Oak Street,Café,South Cambie
BC Women's Cafeteria,4500 Oak St,Cafeteria,South Cambie
Kim Express,952 W King Edward Ave,Vietnamese,South Cambie
Mandarin Hong Kong Cafe 文華餐廳,904 W King Edward Ave.,Cantonese,South Cambie
Trixi's Crepe & Coffeehaus,3306 Cambie St,Creperie,South Cambie
Wang's Beef Noodle House,3250 Cambie St,Chinese,South Cambie
Potluck Hawker Eatery,3424 Cambie Street,Malay,South Cambie
Thai Away Home,3315 Cambie St,Thai,South Cambie
Anna's Cake House (Cambie & 39th Ave),5510 Cambie St,Bakery,South Cambie
Soho Sushi,789 West 16th Ave,Sushi,South Cambie
Huang's Beef Noodle House,6940 Victoria Drive,Noodles,Victoria-Fraserview
Mogu: Japanese Street Eats,Howe Street,Food Truck,Victoria-Fraserview
Mui Garden Restaurant,5797 Victoria Dr.,Chinese,Victoria-Fraserview
Kokoro Ramen,,Japanese,Victoria-Fraserview
Tibisti Foods & Grill,6990 Victoria Dr.,Middle Eastern,Victoria-Fraserview
Neighbour's Restaurant & Pizza House,6493 Victoria Dr,Pizza,Victoria-Fraserview
Subway,7289 Knight Street,Sandwiches,Victoria-Fraserview
Thai Son Restaurant,6447 Victoria Dr.,Vietnamese,Victoria-Fraserview
Bubble Waffle Cafe,2639 East 49th Ave,Asian,Victoria-Fraserview
Wally's Burgers,2661 E 49th Ave,Burgers,Victoria-Fraserview
The Soup House,5763 Victoria Dr.,Chinese,Victoria-Fraserview
Yu Kee BBQ Kitchen,#110-111 2609 East 49th Avenue,Restaurant,Victoria-Fraserview
Nishiki Sushi,6501 Victoria Dr,Sushi,Victoria-Fraserview
Mt. Fuji Japanese Restaurant,106 - 2607 E 49th Ave,Japanese,Victoria-Fraserview
Kent's Kitchen,5659 Victoria Dr,Asian,Victoria-Fraserview
Church's Chicken,6471 Victoria Dr.,Fried Chicken,Victoria-Fraserview
Victoria Restaurant,1088 Melville St,Café,Victoria-Fraserview
Weirdo Cafe,6459 Victoria Dr.,Restaurant,Victoria-Fraserview
Subway,6402 Victoria Drive,Sandwiches,Victoria-Fraserview
Shima-Ya Japanese Restaurant,5589 Victoria Dr,Japanese,Victoria-Fraserview
Jun Yuan Restaurant,5728 Victoria Street,Hotpot,Victoria-Fraserview
Wing Wah Bakery,2607 E 49th Av,Bakery,Victoria-Fraserview
Columbus Restaurant,2639 East 49th Avenue,Italian,Victoria-Fraserview
Hometown Pizza,1408 57 Ave. E,Pizza,Victoria-Fraserview
Chicken World,1412 E 49th Ave,Fried Chicken,Victoria-Fraserview
Fraserview Clubhouse,,Café,Victoria-Fraserview
Flamingo Chinese Restaurant,,Chinese,Victoria-Fraserview
Pine House Bread & Cake House,5870 Victoria Dr.,Bakery,Victoria-Fraserview
Hei Lum Mun Seafood Restaurant 喜臨門海鮮酒家,5822 Victoria Dr,Asian,Victoria-Fraserview
Li Garden Seafood Restaurant,5822 Victoria Dr.,Dim Sum,Victoria-Fraserview
Fresh Slice Pizza,,Pizza,Victoria-Fraserview
Bon Bon Bakery,5807 Victoria Drive,Bakery,Victoria-Fraserview
Kim Phung,5764 Victoria Dr,Vietnamese,Victoria-Fraserview
Pho Thai Hoa,5763 Victoria Dr,Vietnamese,Victoria-Fraserview
Sushi Nara,5755 Victoria Dr.,Sushi,Victoria-Fraserview
Maxim's Bakery,,Bakery,Victoria-Fraserview
Mei Yee Bakery,5692 Victoria St,Bakery,Victoria-Fraserview
Happy Sushi,5632 Victoria Drive,Japanese,Victoria-Fraserview
Benss Cafe,5628 Victoria Drive,Chinese,Victoria-Fraserview
Sumi Korean Restaurant,5628 Victoria Drive,Korean,Victoria-Fraserview
Quiznos,1306 SE Marine Drive,Sandwiches,Victoria-Fraserview